,Gold,Crude Oil,Fed Funds Rate
2014-12-31,1183.9000244140625,53.27000045776367,0.06
2015-01-02,1186.0,52.689998626708984,0.12
2015-01-05,1203.9000244140625,50.040000915527344,0.12
2015-01-06,1219.300048828125,47.93000030517578,0.12
2015-01-07,1210.5999755859375,48.650001525878906,0.12
2015-01-08,1208.4000244140625,48.790000915527344,0.12
2015-01-09,1216.0,48.36000061035156,0.12
2015-01-12,1232.699951171875,46.06999969482422,0.12
2015-01-13,1234.300048828125,45.88999938964844,0.12
2015-01-14,1234.4000244140625,48.47999954223633,0.12
2015-01-15,1264.699951171875,46.25,0.12
2015-01-16,1276.9000244140625,48.689998626708984,0.13
2015-01-20,1294.199951171875,46.38999938964844,0.12
2015-01-21,1293.699951171875,47.779998779296875,0.12
2015-01-22,1300.699951171875,46.310001373291016,0.12
2015-01-23,1292.5999755859375,45.59000015258789,0.12
2015-01-26,1279.4000244140625,45.150001525878906,0.12
2015-01-27,1291.699951171875,46.22999954223633,0.11
2015-01-28,1285.9000244140625,44.45000076293945,0.12
2015-01-29,1254.5999755859375,44.529998779296875,0.11
2015-01-30,1278.5,48.2400016784668,0.06
2015-02-02,1276.199951171875,49.56999969482422,0.12
2015-02-03,1259.699951171875,53.04999923706055,0.12
2015-02-04,1263.800048828125,48.45000076293945,0.11
2015-02-05,1262.0,50.47999954223633,0.12
2015-02-06,1233.9000244140625,51.689998626708984,0.11
2015-02-09,1240.800048828125,52.86000061035156,0.12
2015-02-10,1231.5999755859375,50.02000045776367,0.12
2015-02-11,1219.0,48.84000015258789,0.12
2015-02-12,1220.0999755859375,51.209999084472656,0.12
2015-02-13,1226.5,52.779998779296875,0.12
2015-02-17,1208.0999755859375,53.529998779296875,0.12
2015-02-18,1199.699951171875,52.13999938964844,0.12
2015-02-19,1207.0999755859375,51.15999984741211,0.12
2015-02-20,1204.4000244140625,50.34000015258789,0.12
2015-02-23,1200.300048828125,49.45000076293945,0.11
2015-02-24,1196.9000244140625,49.279998779296875,0.11
2015-02-25,1201.0,50.9900016784668,0.11
2015-02-26,1209.5999755859375,48.16999816894531,0.11
2015-02-27,1212.5999755859375,49.7599983215332,0.06
2015-03-02,1207.699951171875,49.59000015258789,0.12
2015-03-03,1204.0,50.52000045776367,0.12
2015-03-04,1200.5999755859375,51.529998779296875,0.11
2015-03-05,1195.9000244140625,50.7599983215332,0.11
2015-03-06,1164.0999755859375,49.61000061035156,0.12
2015-03-09,1166.4000244140625,50.0,0.12
2015-03-10,1160.0999755859375,48.290000915527344,0.12
2015-03-11,1150.699951171875,48.16999816894531,0.11
2015-03-12,1152.0999755859375,47.04999923706055,0.11
2015-03-13,1152.5999755859375,44.84000015258789,0.11
2015-03-16,1153.300048828125,43.880001068115234,0.12
2015-03-17,1148.300048828125,43.459999084472656,0.12
2015-03-18,1151.4000244140625,44.65999984741211,0.11
2015-03-19,1169.0999755859375,43.959999084472656,0.12
2015-03-20,1184.800048828125,45.720001220703125,0.12
2015-03-23,1188.0,47.45000076293945,0.12
2015-03-24,1191.699951171875,47.5099983215332,0.11
2015-03-25,1197.300048828125,49.209999084472656,0.12
2015-03-26,1205.0999755859375,51.43000030517578,0.11
2015-03-27,1199.800048828125,48.869998931884766,0.12
2015-03-30,1184.800048828125,48.68000030517578,0.12
2015-03-31,1183.0999755859375,47.599998474121094,0.06
2015-04-01,1208.0999755859375,50.09000015258789,0.12
2015-04-02,1200.9000244140625,49.13999938964844,0.12
2015-04-06,1218.5999755859375,52.13999938964844,0.13
2015-04-07,1210.5999755859375,53.97999954223633,0.12
2015-04-08,1203.0999755859375,50.41999816894531,0.12
2015-04-09,1193.5999755859375,50.790000915527344,0.12
2015-04-10,1204.5999755859375,51.63999938964844,0.12
2015-04-13,1199.300048828125,51.90999984741211,0.13
2015-04-14,1192.800048828125,53.290000915527344,0.13
2015-04-15,1201.5,56.38999938964844,0.13
2015-04-16,1198.0,56.709999084472656,0.13
2015-04-17,1202.9000244140625,55.7400016784668,0.13
2015-04-20,1193.5,56.380001068115234,0.13
2015-04-21,1202.9000244140625,55.2599983215332,0.13
2015-04-22,1186.9000244140625,56.15999984741211,0.13
2015-04-23,1194.4000244140625,57.7400016784668,0.13
2015-04-24,1175.199951171875,57.150001525878906,0.13
2015-04-27,1203.300048828125,56.9900016784668,0.13
2015-04-28,1214.0,57.060001373291016,0.13
2015-04-29,1209.800048828125,58.58000183105469,0.13
2015-04-30,1182.4000244140625,59.630001068115234,0.08
2015-05-01,1174.5,59.150001525878906,0.13
2015-05-04,1186.800048828125,58.93000030517578,0.13
2015-05-05,1193.199951171875,60.400001525878906,0.13
2015-05-06,1190.300048828125,60.93000030517578,0.13
2015-05-07,1182.4000244140625,58.939998626708984,0.13
2015-05-08,1189.0999755859375,59.38999938964844,0.13
2015-05-11,1183.199951171875,59.25,0.13
2015-05-12,1192.5999755859375,60.75,0.13
2015-05-13,1218.4000244140625,60.5,0.13
2015-05-14,1225.4000244140625,59.880001068115234,0.13
2015-05-15,1225.5,59.689998626708984,0.13
2015-05-18,1227.800048828125,59.43000030517578,0.13
2015-05-19,1206.9000244140625,57.2599983215332,0.12
2015-05-20,1208.9000244140625,58.97999954223633,0.12
2015-05-21,1204.4000244140625,60.720001220703125,0.12
2015-05-22,1204.300048828125,59.720001220703125,0.13
2015-05-26,1187.199951171875,58.029998779296875,0.12
2015-05-27,1185.9000244140625,57.5099983215332,0.12
2015-05-28,1188.0999755859375,57.68000030517578,0.12
2015-05-29,1189.4000244140625,60.29999923706055,0.08
2015-06-01,1188.300048828125,60.20000076293945,0.12
2015-06-02,1194.0999755859375,61.2599983215332,0.12
2015-06-03,1184.699951171875,59.63999938964844,0.13
2015-06-04,1174.9000244140625,58.0,0.13
2015-06-05,1167.800048828125,59.130001068115234,0.13
2015-06-08,1173.199951171875,58.13999938964844,0.13
2015-06-09,1177.300048828125,60.13999938964844,0.13
2015-06-10,1186.0999755859375,61.43000030517578,0.13
2015-06-11,1179.9000244140625,60.77000045776367,0.13
2015-06-12,1178.800048828125,59.959999084472656,0.13
2015-06-15,1185.300048828125,59.52000045776367,0.13
2015-06-16,1180.5,59.970001220703125,0.14
2015-06-17,1176.4000244140625,59.91999816894531,0.14
2015-06-18,1201.5,60.45000076293945,0.14
2015-06-19,1201.5,59.61000061035156,0.13
2015-06-22,1183.699951171875,59.68000030517578,0.13
2015-06-23,1176.199951171875,61.0099983215332,0.13
2015-06-24,1172.5999755859375,60.27000045776367,0.13
2015-06-25,1171.5,59.70000076293945,0.13
2015-06-26,1172.9000244140625,59.630001068115234,0.13
2015-06-29,1178.5,58.33000183105469,0.14
2015-06-30,1171.5,59.470001220703125,0.08
2015-07-01,1169.0,56.959999084472656,0.13
2015-07-02,1163.0,56.93000030517578,0.13
2015-07-06,1172.9000244140625,52.529998779296875,0.13
2015-07-07,1152.4000244140625,52.33000183105469,0.13
2015-07-08,1163.300048828125,51.650001525878906,0.13
2015-07-09,1159.0,52.779998779296875,0.13
2015-07-10,1157.699951171875,52.7400016784668,0.13
2015-07-13,1155.199951171875,52.20000076293945,0.13
2015-07-14,1153.300048828125,53.040000915527344,0.13
2015-07-15,1147.199951171875,51.40999984741211,0.13
2015-07-16,1143.800048828125,50.90999984741211,0.14
2015-07-17,1131.800048828125,50.88999938964844,0.13
2015-07-20,1106.699951171875,50.150001525878906,0.14
2015-07-21,1103.4000244140625,50.36000061035156,0.13
2015-07-22,1091.4000244140625,49.189998626708984,0.13
2015-07-23,1094.0,48.45000076293945,0.13
2015-07-24,1085.5999755859375,48.13999938964844,0.13
2015-07-27,1096.5,47.38999938964844,0.14
2015-07-28,1096.300048828125,47.97999954223633,0.14
2015-07-29,1092.699951171875,48.790000915527344,0.14
2015-07-30,1088.4000244140625,48.52000045776367,0.14
2015-07-31,1094.9000244140625,47.119998931884766,0.08
2015-08-03,1089.4000244140625,45.16999816894531,0.14
2015-08-04,1090.699951171875,45.7400016784668,0.14
2015-08-05,1085.699951171875,45.150001525878906,0.14
2015-08-06,1090.199951171875,44.65999984741211,0.14
2015-08-07,1094.0999755859375,43.869998931884766,0.14
2015-08-10,1104.199951171875,44.959999084472656,0.14
2015-08-11,1107.5999755859375,43.08000183105469,0.15
2015-08-12,1123.199951171875,43.29999923706055,0.15
2015-08-13,1115.699951171875,42.22999954223633,0.15
2015-08-14,1112.9000244140625,42.5,0.14
2015-08-17,1118.5999755859375,41.869998931884766,0.15
2015-08-18,1117.0999755859375,42.619998931884766,0.15
2015-08-19,1128.0999755859375,40.79999923706055,0.15
2015-08-20,1153.0,41.13999938964844,0.15
2015-08-21,1159.5999755859375,40.45000076293945,0.15
2015-08-24,1153.4000244140625,38.2400016784668,0.15
2015-08-25,1138.199951171875,39.310001373291016,0.15
2015-08-26,1124.5999755859375,38.599998474121094,0.14
2015-08-27,1122.4000244140625,42.560001373291016,0.14
2015-08-28,1133.0999755859375,45.220001220703125,0.14
2015-08-31,1131.5999755859375,49.20000076293945,0.08
2015-09-01,1138.699951171875,45.40999984741211,0.14
2015-09-02,1132.5,46.25,0.14
2015-09-03,1123.699951171875,46.75,0.14
2015-09-04,1120.5999755859375,46.04999923706055,0.14
2015-09-08,1120.4000244140625,45.939998626708984,0.14
2015-09-09,1102.199951171875,44.150001525878906,0.14
2015-09-10,1109.5,45.91999816894531,0.14
2015-09-11,1103.5,44.630001068115234,0.14
2015-09-14,1107.699951171875,44.0,0.14
2015-09-15,1102.800048828125,44.59000015258789,0.14
2015-09-16,1119.199951171875,47.150001525878906,0.14
2015-09-17,1117.300048828125,46.900001525878906,0.14
2015-09-18,1138.0999755859375,44.68000030517578,0.14
2015-09-21,1133.0999755859375,46.68000030517578,0.14
2015-09-22,1125.0,45.83000183105469,0.14
2015-09-23,1131.5999755859375,44.47999954223633,0.14
2015-09-24,1153.800048828125,44.90999984741211,0.14
2015-09-25,1146.0,45.70000076293945,0.13
2015-09-28,1132.0,44.43000030517578,0.13
2015-09-29,1127.0999755859375,45.22999954223633,0.13
2015-09-30,1115.5,45.09000015258789,0.07
2015-10-01,1114.199951171875,44.7400016784668,0.13
2015-10-02,1137.0999755859375,45.540000915527344,0.13
2015-10-05,1138.0999755859375,46.2599983215332,0.13
2015-10-06,1146.800048828125,48.529998779296875,0.13
2015-10-07,1149.0,47.810001373291016,0.13
2015-10-08,1144.699951171875,49.43000030517578,0.13
2015-10-09,1156.300048828125,49.630001068115234,0.13
2015-10-12,1164.9000244140625,47.099998474121094,0.13
2015-10-13,1165.800048828125,46.65999984741211,0.13
2015-10-14,1180.0999755859375,46.63999938964844,0.13
2015-10-15,1187.9000244140625,46.380001068115234,0.13
2015-10-16,1183.5999755859375,47.2599983215332,0.13
2015-10-19,1173.300048828125,45.88999938964844,0.13
2015-10-20,1178.0,45.54999923706055,0.13
2015-10-21,1167.5999755859375,45.20000076293945,0.13
2015-10-22,1166.5999755859375,45.380001068115234,0.12
2015-10-23,1163.300048828125,44.599998474121094,0.12
2015-10-26,1167.0,43.97999954223633,0.12
2015-10-27,1166.800048828125,43.20000076293945,0.12
2015-10-28,1177.0999755859375,45.939998626708984,0.12
2015-10-29,1147.199951171875,46.060001373291016,0.12
2015-10-30,1141.5,46.59000015258789,0.07
2015-11-02,1135.800048828125,46.13999938964844,0.12
2015-11-03,1114.199951171875,47.900001525878906,0.12
2015-11-04,1106.5,46.31999969482422,0.12
2015-11-05,1104.4000244140625,45.20000076293945,0.12
2015-11-06,1087.5999755859375,44.290000915527344,0.12
2015-11-09,1087.9000244140625,43.869998931884766,0.12
2015-11-10,1088.199951171875,44.209999084472656,0.12
2015-11-11,1084.699951171875,42.93000030517578,0.12
2015-11-12,1080.800048828125,41.75,0.12
2015-11-13,1080.800048828125,40.7400016784668,0.12
2015-11-16,1083.699951171875,41.7400016784668,0.13
2015-11-17,1068.699951171875,40.66999816894531,0.13
2015-11-18,1068.800048828125,40.75,0.12
2015-11-19,1078.0,40.540000915527344,0.12
2015-11-20,1076.4000244140625,40.38999938964844,0.12
2015-11-23,1066.800048828125,41.75,0.12
2015-11-24,1074.300048828125,42.869998931884766,0.12
2015-11-25,1070.5,43.040000915527344,0.12
2015-11-27,1056.199951171875,41.709999084472656,0.12
2015-11-30,1065.800048828125,41.650001525878906,0.08
2015-12-01,1063.800048828125,41.849998474121094,0.13
2015-12-02,1054.199951171875,39.939998626708984,0.13
2015-12-03,1061.699951171875,41.08000183105469,0.13
2015-12-04,1084.5,39.970001220703125,0.13
2015-12-07,1076.4000244140625,37.650001525878906,0.13
2015-12-08,1076.300048828125,37.5099983215332,0.13
2015-12-09,1077.5999755859375,37.15999984741211,0.14
2015-12-10,1073.0999755859375,36.7599983215332,0.14
2015-12-11,1076.9000244140625,35.619998931884766,0.14
2015-12-14,1064.699951171875,36.310001373291016,0.15
2015-12-15,1062.9000244140625,37.349998474121094,0.15
2015-12-16,1078.0,35.52000045776367,0.15
2015-12-17,1050.800048828125,34.95000076293945,0.37
2015-12-18,1066.199951171875,34.72999954223633,0.37
2015-12-21,1081.9000244140625,34.7400016784668,0.36
2015-12-22,1074.800048828125,36.13999938964844,0.36
2015-12-23,1069.4000244140625,37.5,0.36
2015-12-24,1077.199951171875,38.099998474121094,0.36
2015-12-28,1070.5,36.810001373291016,0.36
2015-12-29,1077.5,37.869998931884766,0.36
2015-12-30,1060.0999755859375,36.599998474121094,0.35
2015-12-31,1060.300048828125,37.040000915527344,0.2
2016-01-04,1075.0999755859375,36.7599983215332,0.36
2016-01-05,1078.4000244140625,35.970001220703125,0.36
2016-01-06,1091.9000244140625,33.970001220703125,0.36
2016-01-07,1107.699951171875,33.27000045776367,0.36
2016-01-08,1097.800048828125,33.15999984741211,0.36
2016-01-11,1096.5,31.40999984741211,0.36
2016-01-12,1085.5999755859375,30.440000534057617,0.36
2016-01-13,1087.5,30.479999542236328,0.36
2016-01-14,1073.9000244140625,31.200000762939453,0.36
2016-01-15,1091.5,29.420000076293945,0.36
2016-01-19,1089.9000244140625,28.459999084472656,0.36
2016-01-20,1107.0999755859375,26.549999237060547,0.37
2016-01-21,1099.0999755859375,29.530000686645508,0.37
2016-01-22,1097.199951171875,32.189998626708984,0.38
2016-01-25,1106.199951171875,30.34000015258789,0.38
2016-01-26,1121.699951171875,31.450000762939453,0.38
2016-01-27,1116.0999755859375,32.29999923706055,0.38
2016-01-28,1115.5999755859375,33.220001220703125,0.38
2016-01-29,1116.4000244140625,33.619998931884766,0.29
2016-02-01,1127.9000244140625,31.6200008392334,0.38
2016-02-02,1127.300048828125,29.8799991607666,0.38
2016-02-03,1141.300048828125,32.279998779296875,0.38
2016-02-04,1157.5999755859375,31.719999313354492,0.38
2016-02-05,1157.800048828125,30.889999389648438,0.38
2016-02-08,1197.9000244140625,29.690000534057617,0.38
2016-02-09,1198.699951171875,27.940000534057617,0.38
2016-02-10,1194.699951171875,27.450000762939453,0.38
2016-02-11,1247.9000244140625,26.209999084472656,0.38
2016-02-12,1239.0999755859375,29.440000534057617,0.38
2016-02-16,1207.9000244140625,29.040000915527344,0.38
2016-02-17,1211.0999755859375,30.65999984741211,0.37
2016-02-18,1226.0999755859375,30.770000457763672,0.38
2016-02-19,1230.4000244140625,29.639999389648438,0.38
2016-02-22,1209.5,31.479999542236328,0.38
2016-02-23,1222.300048828125,31.8700008392334,0.38
2016-02-24,1238.699951171875,32.150001525878906,0.38
2016-02-25,1238.199951171875,33.06999969482422,0.37
2016-02-26,1219.800048828125,32.779998779296875,0.37
2016-02-29,1233.9000244140625,33.75,0.29
2016-03-01,1230.300048828125,34.400001525878906,0.36
2016-03-02,1241.0999755859375,34.65999984741211,0.37
2016-03-03,1257.4000244140625,34.56999969482422,0.37
2016-03-04,1269.9000244140625,35.91999816894531,0.36
2016-03-07,1263.199951171875,37.900001525878906,0.36
2016-03-08,1262.0999755859375,36.5,0.36
2016-03-09,1256.5999755859375,38.290000915527344,0.36
2016-03-10,1272.0,37.84000015258789,0.36
2016-03-11,1258.699951171875,38.5,0.36
2016-03-14,1244.4000244140625,37.18000030517578,0.36
2016-03-15,1230.4000244140625,36.34000015258789,0.37
2016-03-16,1229.300048828125,38.459999084472656,0.37
2016-03-17,1264.5,40.20000076293945,0.37
2016-03-18,1253.800048828125,39.439998626708984,0.37
2016-03-21,1243.800048828125,39.90999984741211,0.37
2016-03-22,1248.199951171875,41.45000076293945,0.37
2016-03-23,1223.699951171875,39.790000915527344,0.37
2016-03-24,1221.4000244140625,39.459999084472656,0.37
2016-03-28,1219.9000244140625,39.38999938964844,0.37
2016-03-29,1235.5999755859375,38.279998779296875,0.37
2016-03-30,1226.9000244140625,38.31999969482422,0.37
2016-03-31,1234.199951171875,38.34000015258789,0.25
2016-04-01,1222.199951171875,36.790000915527344,0.37
2016-04-04,1218.0,35.70000076293945,0.37
2016-04-05,1228.4000244140625,35.88999938964844,0.37
2016-04-06,1222.5,37.75,0.37
2016-04-07,1236.199951171875,37.2599983215332,0.37
2016-04-08,1242.5,39.720001220703125,0.37
2016-04-11,1256.699951171875,40.36000061035156,0.37
2016-04-12,1259.4000244140625,42.16999816894531,0.37
2016-04-13,1246.800048828125,41.7599983215332,0.37
2016-04-14,1225.0,41.5,0.37
2016-04-15,1233.0999755859375,40.36000061035156,0.37
2016-04-18,1233.5999755859375,39.779998779296875,0.37
2016-04-19,1253.0,41.08000183105469,0.37
2016-04-20,1253.199951171875,42.630001068115234,0.37
2016-04-21,1249.0,43.18000030517578,0.37
2016-04-22,1228.699951171875,43.72999954223633,0.37
2016-04-25,1238.9000244140625,42.63999938964844,0.37
2016-04-26,1242.199951171875,44.040000915527344,0.37
2016-04-27,1249.199951171875,45.33000183105469,0.37
2016-04-28,1265.5,46.029998779296875,0.37
2016-04-29,1289.199951171875,45.91999816894531,0.3
2016-05-02,1294.699951171875,44.779998779296875,0.37
2016-05-03,1290.699951171875,43.650001525878906,0.37
2016-05-04,1273.300048828125,43.779998779296875,0.37
2016-05-05,1271.4000244140625,44.31999969482422,0.37
2016-05-06,1292.9000244140625,44.65999984741211,0.37
2016-05-09,1265.5999755859375,43.439998626708984,0.37
2016-05-10,1263.9000244140625,44.65999984741211,0.37
2016-05-11,1274.5999755859375,46.22999954223633,0.37
2016-05-12,1270.300048828125,46.70000076293945,0.37
2016-05-13,1271.9000244140625,46.209999084472656,0.37
2016-05-16,1273.4000244140625,47.720001220703125,0.37
2016-05-17,1276.199951171875,48.310001373291016,0.37
2016-05-18,1273.699951171875,48.189998626708984,0.37
2016-05-19,1254.199951171875,48.15999984741211,0.37
2016-05-20,1252.4000244140625,47.75,0.37
2016-05-23,1251.0999755859375,48.08000183105469,0.37
2016-05-24,1228.9000244140625,48.619998931884766,0.37
2016-05-25,1223.5,49.560001373291016,0.37
2016-05-26,1220.0999755859375,49.47999954223633,0.37
2016-05-27,1213.800048828125,49.33000183105469,0.37
2016-05-31,1214.800048828125,49.099998474121094,0.29
2016-06-01,1211.9000244140625,49.0099983215332,0.37
2016-06-02,1209.800048828125,49.16999816894531,0.37
2016-06-03,1240.0999755859375,48.619998931884766,0.37
2016-06-06,1244.5999755859375,49.689998626708984,0.37
2016-06-07,1244.4000244140625,50.36000061035156,0.37
2016-06-08,1259.800048828125,51.22999954223633,0.37
2016-06-09,1270.199951171875,50.560001373291016,0.37
2016-06-10,1273.4000244140625,49.06999969482422,0.37
2016-06-13,1284.4000244140625,48.880001068115234,0.37
2016-06-14,1285.5999755859375,48.4900016784668,0.37
2016-06-15,1285.800048828125,48.0099983215332,0.37
2016-06-16,1296.0999755859375,46.209999084472656,0.38
2016-06-17,1292.5,47.97999954223633,0.38
2016-06-20,1290.0,49.369998931884766,0.38
2016-06-21,1270.5,48.849998474121094,0.38
2016-06-22,1268.0,49.130001068115234,0.38
2016-06-23,1261.199951171875,50.11000061035156,0.39
2016-06-24,1320.0,47.63999938964844,0.4
2016-06-27,1322.5,46.33000183105469,0.41
2016-06-28,1315.300048828125,47.849998474121094,0.41
2016-06-29,1323.9000244140625,49.880001068115234,0.41
2016-06-30,1318.4000244140625,48.33000183105469,0.3
2016-07-01,1336.699951171875,48.9900016784668,0.41
2016-07-05,1356.4000244140625,46.599998474121094,0.4
2016-07-06,1364.9000244140625,47.43000030517578,0.4
2016-07-07,1360.0999755859375,45.13999938964844,0.4
2016-07-08,1356.5999755859375,45.40999984741211,0.4
2016-07-11,1355.0,44.7599983215332,0.4
2016-07-12,1334.0999755859375,46.79999923706055,0.4
2016-07-13,1342.4000244140625,44.75,0.4
2016-07-14,1331.300048828125,45.68000030517578,0.4
2016-07-15,1326.5,45.95000076293945,0.4
2016-07-18,1328.4000244140625,45.2400016784668,0.4
2016-07-19,1331.5,44.650001525878906,0.4
2016-07-20,1318.800048828125,44.939998626708984,0.4
2016-07-21,1330.5,44.75,0.4
2016-07-22,1323.0999755859375,44.189998626708984,0.4
2016-07-25,1319.300048828125,43.130001068115234,0.4
2016-07-26,1320.699951171875,42.91999816894531,0.4
2016-07-27,1326.5999755859375,41.91999816894531,0.4
2016-07-28,1332.300048828125,41.13999938964844,0.4
2016-07-29,1349.0,41.599998474121094,0.3
2016-08-01,1351.4000244140625,40.060001373291016,0.4
2016-08-02,1364.4000244140625,39.5099983215332,0.4
2016-08-03,1356.0999755859375,40.83000183105469,0.4
2016-08-04,1358.800048828125,41.93000030517578,0.4
2016-08-05,1336.4000244140625,41.79999923706055,0.4
2016-08-08,1333.4000244140625,43.02000045776367,0.4
2016-08-09,1339.0,42.77000045776367,0.4
2016-08-10,1344.300048828125,41.709999084472656,0.4
2016-08-11,1342.5,43.4900016784668,0.4
2016-08-12,1335.800048828125,44.4900016784668,0.4
2016-08-15,1340.300048828125,45.7400016784668,0.4
2016-08-16,1350.5,46.58000183105469,0.4
2016-08-17,1342.699951171875,46.790000915527344,0.4
2016-08-18,1351.199951171875,48.220001220703125,0.4
2016-08-19,1340.4000244140625,48.52000045776367,0.4
2016-08-22,1337.699951171875,47.04999923706055,0.4
2016-08-23,1340.5999755859375,48.099998474121094,0.4
2016-08-24,1324.4000244140625,46.77000045776367,0.4
2016-08-25,1320.0999755859375,47.33000183105469,0.4
2016-08-26,1321.5,47.63999938964844,0.4
2016-08-29,1322.9000244140625,46.97999954223633,0.4
2016-08-30,1311.699951171875,46.349998474121094,0.4
2016-08-31,1306.9000244140625,44.70000076293945,0.3
2016-09-01,1312.199951171875,43.15999984741211,0.4
2016-09-02,1322.0999755859375,44.439998626708984,0.4
2016-09-06,1349.4000244140625,44.83000183105469,0.4
2016-09-07,1344.300048828125,45.5,0.4
2016-09-08,1336.800048828125,47.619998931884766,0.4
2016-09-09,1330.0999755859375,45.880001068115234,0.4
2016-09-12,1321.0,46.290000915527344,0.4
2016-09-13,1319.0,44.900001525878906,0.4
2016-09-14,1321.5,43.58000183105469,0.4
2016-09-15,1313.5,43.90999984741211,0.4
2016-09-16,1305.800048828125,43.029998779296875,0.4
2016-09-19,1313.5,43.29999923706055,0.4
2016-09-20,1313.699951171875,43.439998626708984,0.4
2016-09-21,1326.9000244140625,45.34000015258789,0.4
2016-09-22,1340.4000244140625,46.31999969482422,0.4
2016-09-23,1337.199951171875,44.47999954223633,0.4
2016-09-26,1339.699951171875,45.93000030517578,0.4
2016-09-27,1325.9000244140625,44.66999816894531,0.4
2016-09-28,1319.4000244140625,47.04999923706055,0.4
2016-09-29,1321.699951171875,47.83000183105469,0.4
2016-09-30,1313.300048828125,48.2400016784668,0.29
2016-10-03,1309.0,48.810001373291016,0.4
2016-10-04,1266.300048828125,48.689998626708984,0.4
2016-10-05,1265.199951171875,49.83000183105469,0.4
2016-10-06,1249.800048828125,50.439998626708984,0.4
2016-10-07,1248.9000244140625,49.810001373291016,0.4
2016-10-11,1253.0,50.790000915527344,0.41
2016-10-12,1251.0999755859375,50.18000030517578,0.41
2016-10-13,1255.0,50.439998626708984,0.41
2016-10-14,1253.0999755859375,50.349998474121094,0.41
2016-10-17,1254.4000244140625,49.939998626708984,0.41
2016-10-18,1260.800048828125,50.290000915527344,0.41
2016-10-19,1267.9000244140625,51.599998474121094,0.41
2016-10-20,1265.5999755859375,50.43000030517578,0.41
2016-10-21,1265.9000244140625,50.849998474121094,0.41
2016-10-24,1262.0,50.52000045776367,0.41
2016-10-25,1271.9000244140625,49.959999084472656,0.41
2016-10-26,1264.800048828125,49.18000030517578,0.41
2016-10-27,1267.9000244140625,49.720001220703125,0.41
2016-10-28,1275.5,48.70000076293945,0.41
2016-10-31,1271.5,46.86000061035156,0.31
2016-11-01,1286.4000244140625,46.66999816894531,0.41
2016-11-02,1306.800048828125,45.34000015258789,0.41
2016-11-03,1302.0999755859375,44.65999984741211,0.41
2016-11-04,1303.300048828125,44.06999969482422,0.41
2016-11-07,1278.300048828125,44.88999938964844,0.41
2016-11-08,1273.4000244140625,44.97999954223633,0.41
2016-11-09,1272.5999755859375,45.27000045776367,0.41
2016-11-10,1265.5,44.65999984741211,0.41
2016-11-14,1221.199951171875,43.31999969482422,0.41
2016-11-15,1224.0,45.810001373291016,0.41
2016-11-16,1223.4000244140625,45.56999969482422,0.41
2016-11-17,1216.5,45.41999816894531,0.41
2016-11-18,1208.5,45.689998626708984,0.41
2016-11-21,1209.5999755859375,47.4900016784668,0.41
2016-11-22,1211.0,48.029998779296875,0.41
2016-11-23,1189.0999755859375,47.959999084472656,0.41
2016-11-25,1178.199951171875,46.060001373291016,0.41
2016-11-28,1190.5999755859375,47.08000183105469,0.41
2016-11-29,1187.9000244140625,45.22999954223633,0.41
2016-11-30,1170.800048828125,49.439998626708984,0.31
2016-12-01,1166.9000244140625,51.060001373291016,0.41
2016-12-02,1175.0999755859375,51.68000030517578,0.41
2016-12-05,1174.0,51.790000915527344,0.41
2016-12-06,1167.5999755859375,50.93000030517578,0.41
2016-12-07,1175.0,49.77000045776367,0.41
2016-12-08,1169.800048828125,50.84000015258789,0.41
2016-12-09,1159.4000244140625,51.5,0.41
2016-12-12,1163.5,52.83000183105469,0.41
2016-12-13,1156.699951171875,52.97999954223633,0.41
2016-12-14,1161.300048828125,51.040000915527344,0.41
2016-12-15,1127.800048828125,50.900001525878906,0.66
2016-12-16,1135.300048828125,51.900001525878906,0.66
2016-12-19,1140.5,52.119998931884766,0.66
2016-12-20,1131.5,52.22999954223633,0.66
2016-12-21,1131.0999755859375,52.4900016784668,0.66
2016-12-22,1128.800048828125,52.95000076293945,0.66
2016-12-23,1131.9000244140625,53.02000045776367,0.66
2016-12-27,1137.300048828125,53.900001525878906,0.66
2016-12-28,1139.4000244140625,54.060001373291016,0.66
2016-12-29,1156.4000244140625,53.77000045776367,0.66
2016-12-30,1150.0,53.720001220703125,0.55
2017-01-03,1160.4000244140625,52.33000183105469,0.66
2017-01-04,1163.800048828125,53.2599983215332,0.66
2017-01-05,1179.699951171875,53.7599983215332,0.66
2017-01-06,1171.9000244140625,53.9900016784668,0.66
2017-01-09,1183.5,51.959999084472656,0.66
2017-01-10,1184.199951171875,50.81999969482422,0.66
2017-01-11,1195.5999755859375,52.25,0.66
2017-01-12,1198.9000244140625,53.0099983215332,0.66
2017-01-13,1195.300048828125,52.369998931884766,0.66
2017-01-17,1212.0,52.47999954223633,0.66
2017-01-18,1211.300048828125,51.08000183105469,0.66
2017-01-19,1200.9000244140625,51.369998931884766,0.66
2017-01-20,1204.300048828125,52.41999816894531,0.66
2017-01-23,1215.0,52.75,0.66
2017-01-24,1210.300048828125,53.18000030517578,0.66
2017-01-25,1197.300048828125,52.75,0.66
2017-01-26,1189.5,53.779998779296875,0.66
2017-01-27,1188.0999755859375,53.16999816894531,0.66
2017-01-30,1193.199951171875,52.630001068115234,0.66
2017-01-31,1208.5999755859375,52.810001373291016,0.56
2017-02-01,1205.5999755859375,53.880001068115234,0.66
2017-02-02,1216.699951171875,53.540000915527344,0.66
2017-02-03,1218.5,53.83000183105469,0.66
2017-02-06,1230.0,53.0099983215332,0.66
2017-02-07,1234.199951171875,52.16999816894531,0.66
2017-02-08,1237.5999755859375,52.34000015258789,0.66
2017-02-09,1235.0999755859375,53.0,0.66
2017-02-10,1234.4000244140625,53.86000061035156,0.66
2017-02-13,1224.4000244140625,52.93000030517578,0.66
2017-02-14,1223.9000244140625,53.20000076293945,0.66
2017-02-15,1231.699951171875,53.11000061035156,0.66
2017-02-16,1240.0,53.36000061035156,0.66
2017-02-17,1237.5999755859375,53.400001525878906,0.66
2017-02-21,1237.5,54.060001373291016,0.66
2017-02-22,1232.0,53.59000015258789,0.66
2017-02-23,1250.199951171875,54.45000076293945,0.66
2017-02-24,1256.9000244140625,53.9900016784668,0.66
2017-02-27,1257.4000244140625,54.04999923706055,0.66
2017-02-28,1252.5999755859375,54.0099983215332,0.57
2017-03-01,1248.9000244140625,53.83000183105469,0.66
2017-03-02,1231.9000244140625,52.61000061035156,0.66
2017-03-03,1225.5,53.33000183105469,0.66
2017-03-06,1224.5,53.20000076293945,0.66
2017-03-07,1215.0999755859375,53.13999938964844,0.66
2017-03-08,1208.5,50.279998779296875,0.66
2017-03-09,1202.4000244140625,49.279998779296875,0.66
2017-03-10,1200.699951171875,48.4900016784668,0.66
2017-03-13,1202.4000244140625,48.400001525878906,0.66
2017-03-14,1201.9000244140625,47.720001220703125,0.66
2017-03-15,1200.0999755859375,48.86000061035156,0.66
2017-03-16,1226.5,48.75,0.91
2017-03-17,1229.800048828125,48.779998779296875,0.91
2017-03-20,1233.5999755859375,48.220001220703125,0.91
2017-03-21,1246.0999755859375,47.34000015258789,0.91
2017-03-22,1249.300048828125,48.040000915527344,0.91
2017-03-23,1246.9000244140625,47.70000076293945,0.91
2017-03-24,1248.199951171875,47.970001220703125,0.91
2017-03-27,1255.4000244140625,47.72999954223633,0.91
2017-03-28,1255.300048828125,48.369998931884766,0.91
2017-03-29,1253.4000244140625,49.5099983215332,0.91
2017-03-30,1245.0,50.349998474121094,0.91
2017-03-31,1247.300048828125,50.599998474121094,0.82
2017-04-03,1250.800048828125,50.2400016784668,0.91
2017-04-04,1255.0,51.029998779296875,0.91
2017-04-05,1245.4000244140625,51.150001525878906,0.91
2017-04-06,1250.300048828125,51.70000076293945,0.91
2017-04-07,1254.300048828125,52.2400016784668,0.91
2017-04-10,1251.0999755859375,53.08000183105469,0.91
2017-04-11,1271.199951171875,53.400001525878906,0.91
2017-04-12,1275.300048828125,53.11000061035156,0.91
2017-04-13,1285.9000244140625,53.18000030517578,0.91
2017-04-17,1289.4000244140625,52.650001525878906,0.91
2017-04-18,1291.699951171875,52.40999984741211,0.91
2017-04-19,1281.4000244140625,50.439998626708984,0.91
2017-04-20,1281.9000244140625,50.27000045776367,0.91
2017-04-21,1287.4000244140625,49.619998931884766,0.91
2017-04-24,1275.800048828125,49.22999954223633,0.91
2017-04-25,1265.5999755859375,49.560001373291016,0.91
2017-04-26,1262.0999755859375,49.619998931884766,0.91
2017-04-27,1263.699951171875,48.970001220703125,0.91
2017-04-28,1266.0999755859375,49.33000183105469,0.83
2017-05-01,1253.300048828125,48.84000015258789,0.91
2017-05-02,1255.0999755859375,47.65999984741211,0.91
2017-05-03,1246.4000244140625,47.81999969482422,0.91
2017-05-04,1226.5,45.52000045776367,0.91
2017-05-05,1224.800048828125,46.220001220703125,0.91
2017-05-08,1225.300048828125,46.43000030517578,0.91
2017-05-09,1214.300048828125,45.880001068115234,0.91
2017-05-10,1217.300048828125,47.33000183105469,0.91
2017-05-11,1222.699951171875,47.83000183105469,0.91
2017-05-12,1226.199951171875,47.84000015258789,0.91
2017-05-15,1228.5999755859375,48.849998474121094,0.91
2017-05-16,1235.0,48.65999984741211,0.91
2017-05-17,1257.5,49.06999969482422,0.91
2017-05-18,1251.699951171875,49.349998474121094,0.91
2017-05-19,1252.699951171875,50.33000183105469,0.91
2017-05-22,1260.699951171875,50.72999954223633,0.91
2017-05-23,1254.800048828125,51.470001220703125,0.91
2017-05-24,1252.4000244140625,51.36000061035156,0.91
2017-05-25,1255.800048828125,48.900001525878906,0.91
2017-05-26,1267.5999755859375,49.79999923706055,0.91
2017-05-30,1262.0999755859375,49.65999984741211,0.91
2017-05-31,1272.0,48.31999969482422,0.83
2017-06-01,1267.0,48.36000061035156,0.91
2017-06-02,1276.800048828125,47.65999984741211,0.91
2017-06-05,1279.300048828125,47.400001525878906,0.91
2017-06-06,1294.4000244140625,48.189998626708984,0.91
2017-06-07,1290.0999755859375,45.720001220703125,0.91
2017-06-08,1276.300048828125,45.63999938964844,0.91
2017-06-09,1268.5,45.83000183105469,0.91
2017-06-12,1266.0999755859375,46.08000183105469,0.91
2017-06-13,1265.800048828125,46.459999084472656,0.91
2017-06-14,1272.800048828125,44.72999954223633,0.91
2017-06-15,1252.199951171875,44.459999084472656,1.16
2017-06-16,1254.0,44.7400016784668,1.16
2017-06-19,1244.199951171875,44.20000076293945,1.16
2017-06-20,1241.0,43.22999954223633,1.16
2017-06-21,1243.4000244140625,42.529998779296875,1.16
2017-06-22,1247.5999755859375,42.7400016784668,1.16
2017-06-23,1256.199951171875,43.0099983215332,1.16
2017-06-26,1246.300048828125,43.380001068115234,1.16
2017-06-27,1246.4000244140625,44.2400016784668,1.16
2017-06-28,1248.0,44.7400016784668,1.16
2017-06-29,1244.199951171875,44.93000030517578,1.16
2017-06-30,1240.699951171875,46.040000915527344,1.06
2017-07-03,1217.9000244140625,47.06999969482422,1.16
2017-07-05,1220.4000244140625,45.130001068115234,1.16
2017-07-06,1222.199951171875,45.52000045776367,1.16
2017-07-07,1208.5999755859375,44.22999954223633,1.16
2017-07-10,1212.0999755859375,44.400001525878906,1.16
2017-07-11,1213.5999755859375,45.040000915527344,1.16
2017-07-12,1218.0999755859375,45.4900016784668,1.16
2017-07-13,1216.300048828125,46.08000183105469,1.16
2017-07-14,1226.5999755859375,46.540000915527344,1.16
2017-07-17,1232.800048828125,46.02000045776367,1.16
2017-07-18,1241.0999755859375,46.400001525878906,1.16
2017-07-19,1241.199951171875,47.119998931884766,1.16
2017-07-20,1244.800048828125,46.790000915527344,1.16
2017-07-21,1254.300048828125,45.77000045776367,1.16
2017-07-24,1253.9000244140625,46.34000015258789,1.16
2017-07-25,1251.699951171875,47.88999938964844,1.16
2017-07-26,1249.0,48.75,1.16
2017-07-27,1259.5999755859375,49.040000915527344,1.16
2017-07-28,1268.4000244140625,49.709999084472656,1.16
2017-07-31,1266.5999755859375,50.16999816894531,1.07
2017-08-01,1272.5999755859375,49.15999984741211,1.16
2017-08-02,1271.800048828125,49.59000015258789,1.16
2017-08-03,1267.800048828125,49.029998779296875,1.16
2017-08-04,1258.300048828125,49.58000183105469,1.16
2017-08-07,1258.199951171875,49.38999938964844,1.16
2017-08-08,1256.4000244140625,49.16999816894531,1.16
2017-08-09,1273.0,49.560001373291016,1.16
2017-08-10,1283.699951171875,48.59000015258789,1.16
2017-08-11,1287.699951171875,48.81999969482422,1.16
2017-08-14,1284.199951171875,47.59000015258789,1.16
2017-08-15,1273.699951171875,47.54999923706055,1.16
2017-08-16,1276.9000244140625,46.779998779296875,1.16
2017-08-17,1286.4000244140625,47.09000015258789,1.16
2017-08-18,1285.699951171875,48.5099983215332,1.16
2017-08-21,1290.800048828125,47.369998931884766,1.16
2017-08-22,1285.0999755859375,47.63999938964844,1.16
2017-08-23,1288.9000244140625,48.40999984741211,1.16
2017-08-24,1286.5,47.43000030517578,1.16
2017-08-25,1292.5,47.869998931884766,1.16
2017-08-28,1309.699951171875,46.56999969482422,1.16
2017-08-29,1313.0999755859375,46.439998626708984,1.16
2017-08-30,1308.0999755859375,45.959999084472656,1.16
2017-08-31,1316.199951171875,47.22999954223633,1.07
2017-09-01,1324.5,47.290000915527344,1.16
2017-09-05,1339.199951171875,48.65999984741211,1.16
2017-09-06,1333.9000244140625,49.15999984741211,1.16
2017-09-07,1345.0999755859375,49.09000015258789,1.16
2017-09-08,1346.0,47.47999954223633,1.16
2017-09-11,1331.0,48.06999969482422,1.16
2017-09-12,1328.0,48.22999954223633,1.16
2017-09-13,1323.4000244140625,49.29999923706055,1.16
2017-09-14,1324.699951171875,49.88999938964844,1.16
2017-09-15,1320.4000244140625,49.88999938964844,1.16
2017-09-18,1306.300048828125,49.90999984741211,1.16
2017-09-19,1306.199951171875,49.47999954223633,1.16
2017-09-20,1312.0,50.40999984741211,1.16
2017-09-21,1290.5999755859375,50.54999923706055,1.16
2017-09-22,1293.300048828125,50.65999984741211,1.16
2017-09-25,1306.800048828125,52.220001220703125,1.16
2017-09-26,1297.0,51.880001068115234,1.16
2017-09-27,1283.4000244140625,52.13999938964844,1.16
2017-09-28,1285.5,51.560001373291016,1.16
2017-09-29,1281.5,51.66999816894531,1.06
2017-10-02,1272.699951171875,50.58000183105469,1.16
2017-10-03,1271.5,50.41999816894531,1.16
2017-10-04,1273.699951171875,49.97999954223633,1.16
2017-10-05,1269.9000244140625,50.790000915527344,1.16
2017-10-06,1271.5999755859375,49.290000915527344,1.16
2017-10-09,1281.800048828125,49.58000183105469,1.16
2017-10-10,1290.5999755859375,50.91999816894531,1.16
2017-10-11,1285.800048828125,51.29999923706055,1.16
2017-10-12,1293.300048828125,50.599998474121094,1.16
2017-10-13,1301.5,51.45000076293945,1.16
2017-10-16,1299.9000244140625,51.869998931884766,1.16
2017-10-17,1283.0,51.880001068115234,1.16
2017-10-18,1279.9000244140625,52.040000915527344,1.16
2017-10-19,1286.9000244140625,51.290000915527344,1.16
2017-10-20,1277.4000244140625,51.470001220703125,1.16
2017-10-23,1277.699951171875,51.900001525878906,1.16
2017-10-24,1275.0,52.470001220703125,1.16
2017-10-25,1275.4000244140625,52.18000030517578,1.16
2017-10-26,1266.300048828125,52.63999938964844,1.16
2017-10-27,1268.5,53.900001525878906,1.16
2017-10-30,1274.0999755859375,54.150001525878906,1.16
2017-10-31,1267.0,54.380001068115234,1.07
2017-11-01,1274.0999755859375,54.29999923706055,1.16
2017-11-02,1274.9000244140625,54.540000915527344,1.16
2017-11-03,1266.5,55.63999938964844,1.16
2017-11-06,1279.4000244140625,57.349998474121094,1.16
2017-11-07,1273.699951171875,57.20000076293945,1.16
2017-11-08,1281.5999755859375,56.810001373291016,1.16
2017-11-09,1285.5999755859375,57.16999816894531,1.16
2017-11-10,1272.4000244140625,56.7400016784668,1.16
2017-11-13,1277.300048828125,56.7599983215332,1.16
2017-11-14,1281.5,55.70000076293945,1.16
2017-11-15,1276.5,55.33000183105469,1.16
2017-11-16,1277.4000244140625,55.13999938964844,1.16
2017-11-17,1295.800048828125,56.54999923706055,1.16
2017-11-20,1274.5999755859375,56.09000015258789,1.16
2017-11-21,1281.0999755859375,56.83000183105469,1.16
2017-11-22,1291.5999755859375,58.02000045776367,1.16
2017-11-24,1286.699951171875,58.95000076293945,1.16
2017-11-27,1293.800048828125,58.11000061035156,1.16
2017-11-28,1294.699951171875,57.9900016784668,1.16
2017-11-29,1282.0999755859375,57.29999923706055,1.16
2017-11-30,1273.199951171875,57.400001525878906,1.07
2017-12-01,1278.800048828125,58.36000061035156,1.16
2017-12-04,1274.300048828125,57.470001220703125,1.16
2017-12-05,1261.5999755859375,57.619998931884766,1.16
2017-12-06,1262.800048828125,55.959999084472656,1.16
2017-12-07,1249.800048828125,56.689998626708984,1.16
2017-12-08,1245.199951171875,57.36000061035156,1.16
2017-12-11,1243.699951171875,57.9900016784668,1.16
2017-12-12,1238.5,57.13999938964844,1.17
2017-12-13,1245.4000244140625,56.599998474121094,1.17
2017-12-14,1253.800048828125,57.040000915527344,1.41
2017-12-15,1254.300048828125,57.29999923706055,1.41
2017-12-18,1262.199951171875,57.15999984741211,1.42
2017-12-19,1260.699951171875,57.459999084472656,1.42
2017-12-20,1266.0999755859375,58.09000015258789,1.42
2017-12-21,1267.300048828125,58.36000061035156,1.42
2017-12-22,1275.4000244140625,58.470001220703125,1.42
2017-12-26,1284.0999755859375,59.970001220703125,1.42
2017-12-27,1287.0,59.63999938964844,1.42
2017-12-28,1294.0999755859375,59.84000015258789,1.42
2017-12-29,1306.300048828125,60.41999816894531,1.33
2018-01-02,1313.699951171875,60.369998931884766,1.42
2018-01-03,1316.199951171875,61.630001068115234,1.42
2018-01-04,1319.4000244140625,62.0099983215332,1.42
2018-01-05,1320.300048828125,61.439998626708984,1.42
2018-01-08,1318.5999755859375,61.72999954223633,1.42
2018-01-09,1311.699951171875,62.959999084472656,1.42
2018-01-10,1317.4000244140625,63.56999969482422,1.42
2018-01-11,1320.5999755859375,63.79999923706055,1.42
2018-01-12,1333.4000244140625,64.30000305175781,1.42
2018-01-16,1335.4000244140625,63.72999954223633,1.42
2018-01-17,1338.0,63.970001220703125,1.42
2018-01-18,1326.0,63.95000076293945,1.42
2018-01-19,1331.9000244140625,63.369998931884766,1.42
2018-01-22,1330.9000244140625,63.4900016784668,1.42
2018-01-23,1335.699951171875,64.47000122070312,1.42
2018-01-24,1355.9000244140625,65.61000061035156,1.42
2018-01-25,1362.4000244140625,65.51000213623047,1.42
2018-01-26,1351.5999755859375,66.13999938964844,1.42
2018-01-30,1335.4000244140625,64.5,1.42
2018-01-31,1339.0,64.7300033569336,1.34
2018-02-01,1344.300048828125,65.80000305175781,1.42
2018-02-02,1333.699951171875,65.44999694824219,1.42
2018-02-05,1333.0,64.1500015258789,1.42
2018-02-06,1326.0999755859375,63.38999938964844,1.42
2018-02-07,1311.5999755859375,61.790000915527344,1.42
2018-02-08,1316.9000244140625,61.150001525878906,1.42
2018-02-09,1313.0999755859375,59.20000076293945,1.42
2018-02-12,1324.199951171875,59.290000915527344,1.42
2018-02-13,1328.0999755859375,59.189998626708984,1.42
2018-02-14,1355.5,60.599998474121094,1.42
2018-02-15,1352.0999755859375,61.34000015258789,1.42
2018-02-16,1353.199951171875,61.68000030517578,1.42
2018-02-20,1328.800048828125,61.900001525878906,1.42
2018-02-21,1330.0,61.68000030517578,1.42
2018-02-22,1330.5999755859375,62.77000045776367,1.42
2018-02-23,1328.199951171875,63.54999923706055,1.42
2018-02-26,1330.699951171875,63.90999984741211,1.42
2018-02-27,1315.5,63.0099983215332,1.42
2018-02-28,1315.5,61.63999938964844,1.35
2018-03-01,1302.9000244140625,60.9900016784668,1.42
2018-03-02,1321.0999755859375,61.25,1.42
2018-03-05,1318.0999755859375,62.56999969482422,1.42
2018-03-06,1333.5999755859375,62.599998474121094,1.42
2018-03-07,1326.0,61.150001525878906,1.42
2018-03-08,1319.9000244140625,60.119998931884766,1.42
2018-03-09,1322.4000244140625,62.040000915527344,1.42
2018-03-12,1319.4000244140625,61.36000061035156,1.42
2018-03-13,1325.9000244140625,60.709999084472656,1.42
2018-03-14,1324.4000244140625,60.959999084472656,1.42
2018-03-15,1316.800048828125,61.189998626708984,1.43
2018-03-16,1311.300048828125,62.34000015258789,1.43
2018-03-19,1316.800048828125,62.060001373291016,1.43
2018-03-20,1311.0999755859375,63.400001525878906,1.44
2018-03-21,1320.699951171875,65.16999816894531,1.44
2018-03-22,1326.5999755859375,64.30000305175781,1.68
2018-03-23,1349.300048828125,65.87999725341797,1.68
2018-03-26,1354.4000244140625,65.55000305175781,1.68
2018-03-27,1341.300048828125,65.25,1.68
2018-03-28,1324.199951171875,64.37999725341797,1.68
2018-03-29,1322.800048828125,64.94000244140625,1.68
2018-04-02,1342.0999755859375,63.0099983215332,1.68
2018-04-03,1332.800048828125,63.5099983215332,1.69
2018-04-04,1335.800048828125,63.369998931884766,1.69
2018-04-05,1324.300048828125,63.540000915527344,1.69
2018-04-06,1331.9000244140625,62.060001373291016,1.69
2018-04-09,1336.300048828125,63.41999816894531,1.69
2018-04-10,1342.0,65.51000213623047,1.69
2018-04-11,1356.5,66.81999969482422,1.69
2018-04-12,1338.4000244140625,67.06999969482422,1.69
2018-04-13,1344.800048828125,67.38999938964844,1.69
2018-04-16,1347.5,66.22000122070312,1.69
2018-04-17,1347.199951171875,66.5199966430664,1.69
2018-04-18,1351.199951171875,68.47000122070312,1.69
2018-04-19,1346.800048828125,68.29000091552734,1.69
2018-04-20,1336.699951171875,68.37999725341797,1.7
2018-04-23,1322.5,68.63999938964844,1.7
2018-04-24,1331.4000244140625,67.69999694824219,1.7
2018-04-25,1321.199951171875,68.05000305175781,1.7
2018-04-26,1316.300048828125,68.19000244140625,1.7
2018-04-27,1320.300048828125,68.0999984741211,1.7
2018-04-30,1316.199951171875,68.56999969482422,1.69
2018-05-01,1303.800048828125,67.25,1.7
2018-05-02,1302.5999755859375,67.93000030517578,1.7
2018-05-03,1310.699951171875,68.43000030517578,1.7
2018-05-04,1312.699951171875,69.72000122070312,1.7
2018-05-07,1312.199951171875,70.7300033569336,1.7
2018-05-08,1312.0,69.05999755859375,1.7
2018-05-09,1311.300048828125,71.13999938964844,1.7
2018-05-10,1320.800048828125,71.36000061035156,1.7
2018-05-11,1319.0,70.69999694824219,1.7
2018-05-14,1316.5,70.95999908447266,1.7
2018-05-15,1288.9000244140625,71.30999755859375,1.7
2018-05-16,1290.199951171875,71.48999786376953,1.7
2018-05-17,1288.199951171875,71.48999786376953,1.7
2018-05-18,1290.199951171875,71.27999877929688,1.7
2018-05-21,1290.199951171875,72.23999786376953,1.7
2018-05-22,1291.699951171875,72.12999725341797,1.7
2018-05-23,1289.300048828125,71.83999633789062,1.7
2018-05-24,1303.699951171875,70.70999908447266,1.7
2018-05-25,1303.300048828125,67.87999725341797,1.7
2018-05-29,1298.699951171875,66.7300033569336,1.7
2018-05-30,1301.5,68.20999908447266,1.7
2018-05-31,1300.0999755859375,67.04000091552734,1.7
2018-06-01,1294.800048828125,65.80999755859375,1.7
2018-06-04,1293.0999755859375,64.75,1.7
2018-06-05,1297.5,65.5199966430664,1.7
2018-06-06,1297.0999755859375,64.7300033569336,1.7
2018-06-07,1298.699951171875,65.94999694824219,1.7
2018-06-08,1298.0999755859375,65.73999786376953,1.7
2018-06-11,1298.9000244140625,66.0999984741211,1.7
2018-06-12,1295.0999755859375,66.36000061035156,1.7
2018-06-13,1296.9000244140625,66.63999938964844,1.7
2018-06-14,1304.0,66.88999938964844,1.9
2018-06-15,1274.5999755859375,65.05999755859375,1.9
2018-06-18,1276.199951171875,65.8499984741211,1.9
2018-06-19,1275.5999755859375,65.06999969482422,1.91
2018-06-20,1271.199951171875,66.22000122070312,1.92
2018-06-21,1267.199951171875,65.54000091552734,1.92
2018-06-22,1267.4000244140625,68.58000183105469,1.92
2018-06-25,1265.5999755859375,68.08000183105469,1.92
2018-06-26,1256.5999755859375,70.52999877929688,1.92
2018-06-27,1252.800048828125,72.76000213623047,1.91
2018-06-28,1247.800048828125,73.44999694824219,1.91
2018-06-29,1251.300048828125,74.1500015258789,1.91
2018-07-02,1239.800048828125,73.94000244140625,1.91
2018-07-03,1251.5999755859375,74.13999938964844,1.91
2018-07-05,1257.300048828125,72.94000244140625,1.91
2018-07-06,1254.300048828125,73.80000305175781,1.91
2018-07-09,1258.0999755859375,73.8499984741211,1.91
2018-07-10,1253.800048828125,74.11000061035156,1.91
2018-07-11,1242.800048828125,70.37999725341797,1.91
2018-07-12,1245.0,70.33000183105469,1.91
2018-07-13,1239.5999755859375,71.01000213623047,1.91
2018-07-16,1238.0999755859375,68.05999755859375,1.91
2018-07-17,1225.699951171875,68.08000183105469,1.91
2018-07-18,1226.300048828125,68.76000213623047,1.91
2018-07-19,1222.4000244140625,69.45999908447266,1.91
2018-07-20,1229.5,70.45999908447266,1.91
2018-07-23,1224.0,67.88999938964844,1.91
2018-07-24,1223.9000244140625,68.5199966430664,1.91
2018-07-25,1231.4000244140625,69.30000305175781,1.91
2018-07-26,1225.300048828125,69.61000061035156,1.91
2018-07-27,1222.5999755859375,68.69000244140625,1.91
2018-07-30,1221.300048828125,70.12999725341797,1.91
2018-07-31,1223.699951171875,68.76000213623047,1.91
2018-08-01,1217.9000244140625,67.66000366210938,1.91
2018-08-02,1210.5999755859375,68.95999908447266,1.91
2018-08-03,1214.199951171875,68.48999786376953,1.91
2018-08-06,1208.5999755859375,69.01000213623047,1.91
2018-08-07,1209.5999755859375,69.16999816894531,1.91
2018-08-08,1212.5999755859375,66.94000244140625,1.91
2018-08-09,1211.9000244140625,66.80999755859375,1.91
2018-08-10,1211.0999755859375,67.62999725341797,1.91
2018-08-13,1191.300048828125,67.19999694824219,1.91
2018-08-14,1193.0,67.04000091552734,1.91
2018-08-15,1177.5,65.01000213623047,1.91
2018-08-16,1176.199951171875,65.45999908447266,1.92
2018-08-17,1176.5,65.91000366210938,1.92
2018-08-20,1186.800048828125,66.43000030517578,1.92
2018-08-21,1192.5999755859375,67.3499984741211,1.92
2018-08-22,1196.300048828125,67.86000061035156,1.92
2018-08-23,1187.0,67.83000183105469,1.92
2018-08-24,1206.300048828125,68.72000122070312,1.92
2018-08-27,1209.0,68.87000274658203,1.92
2018-08-28,1207.4000244140625,68.52999877929688,1.92
2018-08-29,1204.5,69.51000213623047,1.92
2018-08-30,1197.699951171875,70.25,1.92
2018-08-31,1200.300048828125,69.80000305175781,1.91
2018-09-04,1192.699951171875,69.87000274658203,1.92
2018-09-05,1194.9000244140625,68.72000122070312,1.92
2018-09-06,1197.9000244140625,67.7699966430664,1.92
2018-09-07,1193.5999755859375,67.75,1.92
2018-09-10,1193.0,67.54000091552734,1.92
2018-09-11,1195.4000244140625,69.25,1.92
2018-09-12,1204.699951171875,70.37000274658203,1.92
2018-09-13,1202.0,68.58999633789062,1.92
2018-09-14,1195.0,68.98999786376953,1.92
2018-09-17,1199.699951171875,68.91000366210938,1.92
2018-09-18,1196.800048828125,69.8499984741211,1.92
2018-09-19,1202.199951171875,71.12000274658203,1.92
2018-09-20,1206.199951171875,70.80000305175781,1.92
2018-09-21,1196.199951171875,70.77999877929688,1.92
2018-09-24,1199.300048828125,72.08000183105469,1.93
2018-09-25,1200.0,72.27999877929688,1.93
2018-09-26,1194.0,71.56999969482422,1.93
2018-09-27,1182.300048828125,72.12000274658203,2.18
2018-09-28,1191.5,73.25,2.18
2018-10-01,1187.0999755859375,75.30000305175781,2.18
2018-10-02,1202.4000244140625,75.2300033569336,2.18
2018-10-03,1198.300048828125,76.41000366210938,2.18
2018-10-04,1197.199951171875,74.33000183105469,2.18
2018-10-05,1201.199951171875,74.33999633789062,2.18
2018-10-09,1187.199951171875,74.95999908447266,2.18
2018-10-10,1189.300048828125,73.16999816894531,2.18
2018-10-11,1223.5,70.97000122070312,2.18
2018-10-12,1218.0999755859375,71.33999633789062,2.18
2018-10-15,1226.4000244140625,71.77999877929688,2.18
2018-10-16,1227.300048828125,71.91999816894531,2.18
2018-10-17,1223.699951171875,69.75,2.19
2018-10-18,1226.5,68.6500015258789,2.19
2018-10-19,1225.300048828125,69.12000274658203,2.19
2018-10-22,1221.199951171875,69.16999816894531,2.19
2018-10-23,1233.4000244140625,66.43000030517578,2.2
2018-10-24,1227.800048828125,66.81999969482422,2.2
2018-10-25,1229.0999755859375,67.33000183105469,2.2
2018-10-26,1232.5,67.58999633789062,2.2
2018-10-29,1224.5,67.04000091552734,2.2
2018-10-30,1222.5999755859375,66.18000030517578,2.2
2018-10-31,1212.300048828125,65.30999755859375,2.2
2018-11-01,1236.0,63.689998626708984,2.2
2018-11-02,1230.9000244140625,63.13999938964844,2.19
2018-11-05,1229.800048828125,63.099998474121094,2.2
2018-11-06,1223.800048828125,62.209999084472656,2.2
2018-11-07,1226.199951171875,61.66999816894531,2.2
2018-11-08,1222.9000244140625,60.66999816894531,2.2
2018-11-09,1206.4000244140625,60.189998626708984,2.19
2018-11-13,1199.199951171875,55.689998626708984,2.2
2018-11-14,1207.9000244140625,56.25,2.2
2018-11-15,1212.800048828125,56.459999084472656,2.2
2018-11-16,1220.800048828125,56.459999084472656,2.2
2018-11-19,1223.0999755859375,56.7599983215332,2.2
2018-11-20,1219.0,53.43000030517578,2.2
2018-11-21,1225.800048828125,54.630001068115234,2.2
2018-11-23,1221.0,50.41999816894531,2.2
2018-11-26,1220.199951171875,51.630001068115234,2.2
2018-11-27,1211.199951171875,51.560001373291016,2.2
2018-11-28,1221.4000244140625,50.290000915527344,2.2
2018-11-29,1224.0999755859375,51.45000076293945,2.2
2018-11-30,1220.199951171875,50.93000030517578,2.2
2018-12-03,1233.9000244140625,52.95000076293945,2.19
2018-12-04,1241.0999755859375,53.25,2.2
2018-12-06,1238.0999755859375,51.4900016784668,2.2
2018-12-07,1246.800048828125,52.61000061035156,2.19
2018-12-10,1243.699951171875,51.0,2.2
2018-12-11,1241.9000244140625,51.650001525878906,2.19
2018-12-12,1244.4000244140625,51.150001525878906,2.19
2018-12-13,1242.699951171875,52.58000183105469,2.19
2018-12-14,1237.0,51.20000076293945,2.19
2018-12-17,1247.4000244140625,49.880001068115234,2.2
2018-12-18,1249.199951171875,46.2400016784668,2.2
2018-12-19,1252.0999755859375,47.20000076293945,2.2
2018-12-20,1263.5999755859375,45.880001068115234,2.4
2018-12-21,1253.800048828125,45.59000015258789,2.4
2018-12-24,1267.5,42.529998779296875,2.4
2018-12-26,1269.199951171875,46.220001220703125,2.4
2018-12-27,1277.300048828125,44.61000061035156,2.4
2018-12-28,1279.9000244140625,45.33000183105469,2.4
2018-12-31,1278.300048828125,45.40999984741211,2.4
2019-01-02,1281.0,46.540000915527344,2.4
2019-01-03,1291.800048828125,47.09000015258789,2.4
2019-01-04,1282.699951171875,47.959999084472656,2.4
2019-01-07,1286.800048828125,48.52000045776367,2.4
2019-01-08,1283.199951171875,49.779998779296875,2.4
2019-01-09,1289.300048828125,52.36000061035156,2.4
2019-01-10,1284.699951171875,52.59000015258789,2.4
2019-01-11,1287.0999755859375,51.59000015258789,2.4
2019-01-14,1289.0999755859375,50.5099983215332,2.4
2019-01-15,1286.199951171875,52.11000061035156,2.4
2019-01-16,1291.5999755859375,52.310001373291016,2.4
2019-01-17,1291.0,52.06999969482422,2.4
2019-01-18,1281.300048828125,53.79999923706055,2.4
2019-01-22,1282.5,52.56999969482422,2.4
2019-01-23,1283.0999755859375,52.619998931884766,2.4
2019-01-24,1279.0999755859375,53.130001068115234,2.4
2019-01-25,1297.4000244140625,53.689998626708984,2.4
2019-01-28,1302.4000244140625,51.9900016784668,2.4
2019-01-29,1308.199951171875,53.310001373291016,2.4
2019-01-30,1309.9000244140625,54.22999954223633,2.4
2019-01-31,1319.699951171875,53.790000915527344,2.4
2019-02-01,1316.9000244140625,55.2599983215332,2.4
2019-02-04,1314.300048828125,54.560001373291016,2.4
2019-02-05,1314.199951171875,53.65999984741211,2.4
2019-02-06,1309.5,54.0099983215332,2.4
2019-02-07,1309.4000244140625,52.63999938964844,2.4
2019-02-08,1313.699951171875,52.720001220703125,2.4
2019-02-11,1307.0,52.40999984741211,2.4
2019-02-12,1309.199951171875,53.099998474121094,2.4
2019-02-13,1310.800048828125,53.900001525878906,2.4
2019-02-14,1309.800048828125,54.40999984741211,2.4
2019-02-15,1318.0999755859375,55.59000015258789,2.4
2019-02-19,1340.0999755859375,56.09000015258789,2.4
2019-02-20,1343.300048828125,56.91999816894531,2.4
2019-02-21,1323.5,56.959999084472656,2.4
2019-02-22,1329.199951171875,57.2599983215332,2.4
2019-02-25,1325.9000244140625,55.47999954223633,2.4
2019-02-26,1325.0999755859375,55.5,2.4
2019-02-27,1317.699951171875,56.939998626708984,2.4
2019-02-28,1312.800048828125,57.220001220703125,2.4
2019-03-01,1296.4000244140625,55.79999923706055,2.4
2019-03-04,1284.800048828125,56.59000015258789,2.4
2019-03-05,1282.0,56.560001373291016,2.4
2019-03-06,1284.9000244140625,56.220001220703125,2.4
2019-03-07,1283.800048828125,56.65999984741211,2.4
2019-03-08,1297.0,56.06999969482422,2.4
2019-03-11,1288.800048828125,56.790000915527344,2.4
2019-03-12,1296.300048828125,56.869998931884766,2.4
2019-03-13,1307.5,58.2599983215332,2.4
2019-03-14,1293.4000244140625,58.61000061035156,2.4
2019-03-15,1301.800048828125,58.52000045776367,2.4
2019-03-18,1300.300048828125,59.09000015258789,2.4
2019-03-19,1305.0,59.029998779296875,2.4
2019-03-20,1300.5,59.83000183105469,2.41
2019-03-21,1306.0999755859375,59.97999954223633,2.41
2019-03-22,1311.5999755859375,59.040000915527344,2.41
2019-03-25,1321.9000244140625,58.81999969482422,2.4
2019-03-26,1314.300048828125,59.939998626708984,2.4
2019-03-27,1309.9000244140625,59.40999984741211,2.41
2019-03-28,1289.800048828125,59.29999923706055,2.41
2019-03-29,1293.0,60.13999938964844,2.43
2019-04-01,1288.4000244140625,61.59000015258789,2.41
2019-04-02,1290.0,62.58000183105469,2.41
2019-04-03,1289.9000244140625,62.459999084472656,2.41
2019-04-04,1289.0,62.099998474121094,2.41
2019-04-05,1290.4000244140625,63.08000183105469,2.41
2019-04-08,1297.0999755859375,64.4000015258789,2.41
2019-04-09,1303.5,63.97999954223633,2.41
2019-04-10,1309.0999755859375,64.61000061035156,2.41
2019-04-11,1288.5999755859375,63.58000183105469,2.41
2019-04-12,1290.5999755859375,63.88999938964844,2.41
2019-04-15,1286.800048828125,63.400001525878906,2.41
2019-04-16,1272.5999755859375,64.05000305175781,2.41
2019-04-17,1272.199951171875,63.7599983215332,2.42
2019-04-18,1271.9000244140625,64.0,2.43
2019-04-22,1273.5,65.69999694824219,2.44
2019-04-23,1269.300048828125,66.30000305175781,2.44
2019-04-24,1275.5,65.88999938964844,2.44
2019-04-25,1275.800048828125,65.20999908447266,2.44
2019-04-26,1284.9000244140625,63.29999923706055,2.44
2019-04-29,1278.5999755859375,63.5,2.45
2019-04-30,1282.800048828125,63.90999984741211,2.45
2019-05-01,1281.4000244140625,63.599998474121094,2.45
2019-05-02,1269.699951171875,61.810001373291016,2.41
2019-05-03,1279.199951171875,61.939998626708984,2.4
2019-05-06,1281.699951171875,62.25,2.4
2019-05-07,1283.5,61.400001525878906,2.4
2019-05-08,1279.4000244140625,62.119998931884766,2.39
2019-05-09,1283.5,61.70000076293945,2.38
2019-05-10,1285.699951171875,61.65999984741211,2.38
2019-05-13,1300.0999755859375,61.040000915527344,2.38
2019-05-14,1294.699951171875,61.779998779296875,2.38
2019-05-15,1296.300048828125,62.02000045776367,2.4
2019-05-16,1285.0,62.869998931884766,2.39
2019-05-17,1274.5,62.7599983215332,2.39
2019-05-20,1276.0999755859375,63.099998474121094,2.39
2019-05-21,1272.0,62.9900016784668,2.39
2019-05-22,1273.5999755859375,61.41999816894531,2.38
2019-05-23,1284.800048828125,57.90999984741211,2.38
2019-05-24,1283.0,58.630001068115234,2.38
2019-05-28,1276.5,59.13999938964844,2.39
2019-05-29,1280.5999755859375,58.810001373291016,2.39
2019-05-30,1287.0999755859375,56.59000015258789,2.39
2019-05-31,1305.800048828125,53.5,2.4
2019-06-03,1322.699951171875,53.25,2.38
2019-06-04,1323.4000244140625,53.47999954223633,2.38
2019-06-05,1328.300048828125,51.68000030517578,2.38
2019-06-06,1337.5999755859375,52.59000015258789,2.37
2019-06-07,1341.199951171875,53.9900016784668,2.37
2019-06-10,1324.699951171875,53.2599983215332,2.37
2019-06-11,1326.4000244140625,53.27000045776367,2.37
2019-06-12,1331.9000244140625,51.13999938964844,2.37
2019-06-13,1339.199951171875,52.279998779296875,2.37
2019-06-14,1340.0999755859375,52.5099983215332,2.36
2019-06-17,1338.699951171875,51.93000030517578,2.38
2019-06-18,1346.5999755859375,53.900001525878906,2.37
2019-06-19,1344.5999755859375,53.7599983215332,2.37
2019-06-20,1392.9000244140625,56.650001525878906,2.37
2019-06-21,1396.199951171875,57.43000030517578,2.38
2019-06-24,1414.300048828125,57.900001525878906,2.38
2019-06-25,1414.9000244140625,57.83000183105469,2.38
2019-06-26,1411.5999755859375,59.380001068115234,2.38
2019-06-27,1408.4000244140625,59.43000030517578,2.38
2019-06-28,1409.699951171875,58.470001220703125,2.4
2019-07-01,1385.5999755859375,59.09000015258789,2.39
2019-07-02,1404.5999755859375,56.25,2.4
2019-07-03,1417.699951171875,57.34000015258789,2.41
2019-07-05,1396.699951171875,57.5099983215332,2.42
2019-07-08,1397.0,57.65999984741211,2.41
2019-07-09,1397.5,57.83000183105469,2.41
2019-07-10,1410.0999755859375,60.43000030517578,2.41
2019-07-11,1404.300048828125,60.20000076293945,2.4
2019-07-12,1409.9000244140625,60.209999084472656,2.38
2019-07-15,1411.4000244140625,59.58000183105469,2.4
2019-07-16,1409.199951171875,57.619998931884766,2.41
2019-07-17,1421.300048828125,56.779998779296875,2.41
2019-07-18,1426.0999755859375,55.29999923706055,2.41
2019-07-19,1425.0999755859375,55.630001068115234,2.41
2019-07-22,1425.300048828125,56.220001220703125,2.4
2019-07-23,1420.0999755859375,56.77000045776367,2.4
2019-07-24,1422.800048828125,55.880001068115234,2.4
2019-07-25,1413.9000244140625,56.02000045776367,2.4
2019-07-26,1418.5,56.20000076293945,2.4
2019-07-29,1419.5999755859375,56.869998931884766,2.4
2019-07-30,1429.699951171875,58.04999923706055,2.39
2019-07-31,1426.0999755859375,58.58000183105469,2.4
2019-08-01,1420.9000244140625,53.95000076293945,2.14
2019-08-02,1445.5999755859375,55.65999984741211,2.14
2019-08-05,1464.5999755859375,54.689998626708984,2.13
2019-08-06,1472.4000244140625,53.630001068115234,2.13
2019-08-07,1507.300048828125,51.09000015258789,2.12
2019-08-08,1497.699951171875,52.540000915527344,2.12
2019-08-09,1496.5999755859375,54.5,2.12
2019-08-12,1505.300048828125,54.93000030517578,2.12
2019-08-13,1502.199951171875,57.099998474121094,2.12
2019-08-14,1515.9000244140625,55.22999954223633,2.12
2019-08-15,1519.5999755859375,54.470001220703125,2.13
2019-08-16,1512.5,54.869998931884766,2.13
2019-08-19,1500.4000244140625,56.209999084472656,2.13
2019-08-20,1504.5999755859375,56.34000015258789,2.13
2019-08-21,1504.5999755859375,55.68000030517578,2.12
2019-08-22,1497.300048828125,55.349998474121094,2.12
2019-08-23,1526.5999755859375,54.16999816894531,2.12
2019-08-26,1526.300048828125,53.63999938964844,2.12
2019-08-27,1541.0,54.93000030517578,2.12
2019-08-28,1537.800048828125,55.779998779296875,2.12
2019-08-29,1526.5,56.709999084472656,2.12
2019-08-30,1519.0999755859375,55.099998474121094,2.13
2019-09-03,1545.9000244140625,53.939998626708984,2.13
2019-09-04,1550.300048828125,56.2599983215332,2.13
2019-09-05,1515.4000244140625,56.29999923706055,2.13
2019-09-06,1506.199951171875,56.52000045776367,2.12
2019-09-09,1502.199951171875,57.849998474121094,2.13
2019-09-10,1490.300048828125,57.400001525878906,2.13
2019-09-11,1494.4000244140625,55.75,2.13
2019-09-12,1498.699951171875,55.09000015258789,2.13
2019-09-13,1490.9000244140625,54.849998474121094,2.14
2019-09-16,1503.0999755859375,62.900001525878906,2.25
2019-09-17,1505.0999755859375,59.34000015258789,2.3
2019-09-18,1507.5,58.11000061035156,2.25
2019-09-19,1498.4000244140625,58.130001068115234,1.9
2019-09-20,1507.300048828125,58.09000015258789,1.9
2019-09-23,1523.699951171875,58.63999938964844,1.9
2019-09-24,1532.0999755859375,57.290000915527344,1.9
2019-09-25,1504.5999755859375,56.4900016784668,1.9
2019-09-26,1507.5,56.40999984741211,1.85
2019-09-27,1499.0999755859375,55.90999984741211,1.83
2019-09-30,1465.699951171875,54.06999969482422,1.9
2019-10-01,1482.0,53.619998931884766,1.88
2019-10-02,1501.0,52.63999938964844,1.85
2019-10-03,1507.0999755859375,52.45000076293945,1.83
2019-10-04,1506.199951171875,52.810001373291016,1.82
2019-10-07,1497.699951171875,52.75,1.82
2019-10-08,1497.199951171875,52.630001068115234,1.82
2019-10-09,1506.0999755859375,52.59000015258789,1.82
2019-10-10,1494.800048828125,53.54999923706055,1.82
2019-10-11,1482.699951171875,54.70000076293945,1.82
2019-10-15,1477.5999755859375,52.810001373291016,1.9
2019-10-16,1488.0,53.36000061035156,1.9
2019-10-17,1492.300048828125,53.93000030517578,1.85
2019-10-18,1488.199951171875,53.779998779296875,1.85
2019-10-21,1482.4000244140625,53.310001373291016,1.85
2019-10-22,1481.699951171875,54.15999984741211,1.85
2019-10-23,1489.9000244140625,55.970001220703125,1.85
2019-10-24,1498.9000244140625,56.22999954223633,1.85
2019-10-25,1499.5,56.65999984741211,1.83
2019-10-28,1490.0,55.810001373291016,1.83
2019-10-29,1487.0,55.540000915527344,1.82
2019-10-30,1493.199951171875,55.060001373291016,1.82
2019-10-31,1511.4000244140625,54.18000030517578,1.58
2019-11-01,1508.0,56.20000076293945,1.57
2019-11-04,1508.0,56.540000915527344,1.56
2019-11-05,1480.800048828125,57.22999954223633,1.56
2019-11-06,1490.199951171875,56.349998474121094,1.55
2019-11-07,1464.199951171875,57.150001525878906,1.55
2019-11-08,1461.300048828125,57.2400016784668,1.55
2019-11-12,1452.0999755859375,56.79999923706055,1.55
2019-11-13,1461.699951171875,57.119998931884766,1.55
2019-11-14,1471.800048828125,56.77000045776367,1.55
2019-11-15,1467.300048828125,57.720001220703125,1.55
2019-11-18,1470.9000244140625,57.04999923706055,1.55
2019-11-19,1473.300048828125,55.209999084472656,1.55
2019-11-20,1473.300048828125,57.11000061035156,1.55
2019-11-21,1463.0999755859375,58.58000183105469,1.55
2019-11-22,1463.0999755859375,57.77000045776367,1.55
2019-11-25,1456.5999755859375,58.0099983215332,1.55
2019-11-26,1459.800048828125,58.40999984741211,1.55
2019-11-27,1453.4000244140625,58.11000061035156,1.55
2019-11-29,1465.5999755859375,55.16999816894531,1.56
2019-12-02,1462.300048828125,55.959999084472656,1.56
2019-12-03,1478.199951171875,56.099998474121094,1.55
2019-12-04,1474.0,58.43000030517578,1.55
2019-12-05,1476.9000244140625,58.43000030517578,1.55
2019-12-06,1459.0999755859375,59.20000076293945,1.55
2019-12-09,1459.300048828125,59.02000045776367,1.55
2019-12-10,1462.5999755859375,59.2400016784668,1.55
2019-12-11,1469.4000244140625,58.7599983215332,1.55
2019-12-12,1466.699951171875,59.18000030517578,1.55
2019-12-13,1475.5999755859375,60.06999969482422,1.55
2019-12-16,1475.0,60.209999084472656,1.56
2019-12-17,1474.5999755859375,60.939998626708984,1.55
2019-12-18,1472.5999755859375,60.93000030517578,1.55
2019-12-19,1478.199951171875,61.220001220703125,1.55
2019-12-20,1474.699951171875,60.439998626708984,1.55
2019-12-23,1482.5,60.52000045776367,1.55
2019-12-24,1499.0999755859375,61.11000061035156,1.55
2019-12-26,1509.300048828125,61.68000030517578,1.55
2019-12-27,1513.800048828125,61.720001220703125,1.55
2019-12-30,1514.5,61.68000030517578,1.55
2019-12-31,1519.5,61.060001373291016,1.55
2020-01-02,1524.5,61.18000030517578,1.55
2020-01-03,1549.199951171875,63.04999923706055,1.55
2020-01-06,1566.199951171875,63.27000045776367,1.55
2020-01-07,1571.800048828125,62.70000076293945,1.55
2020-01-08,1557.4000244140625,59.61000061035156,1.55
2020-01-09,1551.699951171875,59.560001373291016,1.55
2020-01-10,1557.5,59.040000915527344,1.54
2020-01-13,1548.4000244140625,58.08000183105469,1.54
2020-01-14,1542.4000244140625,58.22999954223633,1.54
2020-01-15,1552.0999755859375,57.810001373291016,1.54
2020-01-16,1549.0,58.52000045776367,1.54
2020-01-17,1558.800048828125,58.540000915527344,1.55
2020-01-21,1556.4000244140625,58.34000015258789,1.55
2020-01-22,1555.300048828125,56.7400016784668,1.55
2020-01-23,1564.5999755859375,55.59000015258789,1.55
2020-01-24,1571.0999755859375,54.189998626708984,1.55
2020-01-27,1576.800048828125,53.13999938964844,1.55
2020-01-28,1569.199951171875,53.47999954223633,1.55
2020-01-29,1569.800048828125,53.33000183105469,1.55
2020-01-30,1583.5,52.13999938964844,1.6
2020-01-31,1582.9000244140625,51.560001373291016,1.59
2020-02-03,1577.199951171875,50.11000061035156,1.59
2020-02-04,1550.4000244140625,49.61000061035156,1.59
2020-02-05,1557.800048828125,50.75,1.59
2020-02-06,1565.0999755859375,50.95000076293945,1.59
2020-02-07,1568.5999755859375,50.31999969482422,1.58
2020-02-10,1574.699951171875,49.56999969482422,1.58
2020-02-11,1565.5999755859375,49.939998626708984,1.58
2020-02-12,1567.4000244140625,51.16999816894531,1.58
2020-02-13,1575.0999755859375,51.41999816894531,1.58
2020-02-14,1582.699951171875,52.04999923706055,1.58
2020-02-18,1600.0,52.04999923706055,1.59
2020-02-19,1607.5,53.290000915527344,1.59
2020-02-20,1616.5999755859375,53.779998779296875,1.59
2020-02-21,1644.5999755859375,53.380001068115234,1.58
2020-02-24,1672.4000244140625,51.43000030517578,1.58
2020-02-25,1646.9000244140625,49.900001525878906,1.58
2020-02-26,1640.0,48.72999954223633,1.58
2020-02-27,1640.0,47.09000015258789,1.58
2020-02-28,1564.0999755859375,44.7599983215332,1.58
2020-03-02,1592.300048828125,46.75,1.59
2020-03-03,1642.0999755859375,47.18000030517578,1.59
2020-03-04,1641.0999755859375,46.779998779296875,1.09
2020-03-05,1666.4000244140625,45.900001525878906,1.09
2020-03-06,1670.800048828125,41.279998779296875,1.09
2020-03-09,1674.5,31.1299991607666,1.09
2020-03-10,1659.0999755859375,34.36000061035156,1.09
2020-03-11,1641.4000244140625,32.97999954223633,1.09
2020-03-12,1589.300048828125,31.5,1.1
2020-03-13,1515.699951171875,31.729999542236328,1.1
2020-03-16,1485.9000244140625,28.700000762939453,0.25
2020-03-17,1524.9000244140625,26.950000762939453,0.25
2020-03-18,1477.300048828125,20.3700008392334,0.25
2020-03-19,1478.5999755859375,25.219999313354492,0.2
2020-03-20,1484.0,22.43000030517578,0.15
2020-03-23,1567.0,23.360000610351562,0.15
2020-03-24,1660.199951171875,24.010000228881836,0.12
2020-03-25,1632.300048828125,24.489999771118164,0.1
2020-03-26,1650.0999755859375,22.600000381469727,0.1
2020-03-27,1623.9000244140625,21.510000228881836,0.1
2020-03-30,1622.0,20.09000015258789,0.09
2020-03-31,1583.4000244140625,20.479999542236328,0.08
2020-04-01,1578.199951171875,20.309999465942383,0.06
2020-04-02,1625.699951171875,25.31999969482422,0.05
2020-04-03,1633.699951171875,28.34000015258789,0.05
2020-04-06,1677.0,26.079999923706055,0.05
2020-04-07,1664.800048828125,23.6299991607666,0.05
2020-04-08,1665.4000244140625,25.09000015258789,0.05
2020-04-09,1736.199951171875,22.760000228881836,0.05
2020-04-13,1744.800048828125,22.40999984741211,0.05
2020-04-14,1756.699951171875,20.110000610351562,0.05
2020-04-15,1727.199951171875,19.8700008392334,0.05
2020-04-16,1720.4000244140625,19.8700008392334,0.05
2020-04-17,1689.199951171875,18.270000457763672,0.05
2020-04-20,1701.5999755859375,-37.630001068115234,0.05
2020-04-21,1678.199951171875,10.010000228881836,0.05
2020-04-22,1728.699951171875,13.779999732971191,0.05
2020-04-23,1733.300048828125,16.5,0.04
2020-04-24,1723.5,16.940000534057617,0.05
2020-04-27,1711.9000244140625,12.779999732971191,0.04
2020-04-28,1710.5,12.34000015258789,0.04
2020-04-29,1703.4000244140625,15.0600004196167,0.04
2020-04-30,1684.199951171875,18.84000015258789,0.05
2020-05-01,1694.5,19.780000686645508,0.05
2020-05-04,1706.9000244140625,20.389999389648438,0.05
2020-05-05,1704.4000244140625,24.559999465942383,0.05
2020-05-06,1684.199951171875,23.989999771118164,0.05
2020-05-07,1721.800048828125,23.549999237060547,0.05
2020-05-08,1709.9000244140625,24.739999771118164,0.05
2020-05-11,1695.300048828125,24.139999389648438,0.05
2020-05-12,1704.4000244140625,25.780000686645508,0.05
2020-05-13,1713.9000244140625,25.290000915527344,0.05
2020-05-14,1738.0999755859375,27.559999465942383,0.05
2020-05-15,1753.4000244140625,29.43000030517578,0.05
2020-05-18,1731.800048828125,31.81999969482422,0.05
2020-05-19,1744.199951171875,32.5,0.05
2020-05-20,1750.5999755859375,33.4900016784668,0.05
2020-05-21,1720.5,33.91999816894531,0.05
2020-05-22,1734.5999755859375,33.25,0.05
2020-05-26,1704.800048828125,34.349998474121094,0.05
2020-05-27,1710.300048828125,32.810001373291016,0.05
2020-05-28,1713.300048828125,33.709999084472656,0.05
2020-05-29,1736.9000244140625,35.4900016784668,0.05
2020-06-01,1737.800048828125,35.439998626708984,0.05
2020-06-02,1725.199951171875,36.810001373291016,0.06
2020-06-03,1697.800048828125,37.290000915527344,0.06
2020-06-04,1718.9000244140625,37.40999984741211,0.06
2020-06-05,1676.199951171875,39.54999923706055,0.07
2020-06-08,1698.300048828125,38.189998626708984,0.07
2020-06-09,1714.699951171875,38.939998626708984,0.07
2020-06-10,1713.300048828125,39.599998474121094,0.08
2020-06-11,1732.0,36.34000015258789,0.08
2020-06-12,1729.300048828125,36.2599983215332,0.08
2020-06-15,1720.300048828125,37.119998931884766,0.09
2020-06-16,1729.5999755859375,38.380001068115234,0.09
2020-06-17,1729.199951171875,37.959999084472656,0.09
2020-06-18,1724.800048828125,38.84000015258789,0.09
2020-06-19,1745.9000244140625,39.75,0.09
2020-06-22,1756.699951171875,40.459999084472656,0.08
2020-06-23,1772.0999755859375,40.369998931884766,0.08
2020-06-24,1765.800048828125,38.0099983215332,0.08
2020-06-25,1762.0999755859375,38.720001220703125,0.08
2020-06-26,1772.5,38.4900016784668,0.08
2020-06-29,1774.800048828125,39.70000076293945,0.08
2020-06-30,1793.0,39.27000045776367,0.08
2020-07-01,1773.199951171875,39.81999969482422,0.08
2020-07-02,1784.0,40.650001525878906,0.09
2020-07-06,1788.5,40.630001068115234,0.09
2020-07-07,1804.199951171875,40.619998931884766,0.09
2020-07-08,1815.5,40.900001525878906,0.09
2020-07-09,1799.199951171875,39.619998931884766,0.09
2020-07-10,1798.199951171875,40.54999923706055,0.09
2020-07-13,1811.0,40.099998474121094,0.09
2020-07-14,1810.5999755859375,40.290000915527344,0.09
2020-07-15,1811.4000244140625,41.20000076293945,0.1
2020-07-16,1798.699951171875,40.75,0.1
2020-07-17,1808.300048828125,40.59000015258789,0.09
2020-07-20,1815.9000244140625,40.810001373291016,0.1
2020-07-21,1842.4000244140625,41.959999084472656,0.1
2020-07-22,1864.0999755859375,41.900001525878906,0.09
2020-07-23,1889.0999755859375,41.06999969482422,0.09
2020-07-24,1897.300048828125,41.290000915527344,0.09
2020-07-27,1931.0,41.599998474121094,0.1
2020-07-28,1944.699951171875,41.040000915527344,0.1
2020-07-29,1953.5,41.27000045776367,0.1
2020-07-30,1942.300048828125,39.91999816894531,0.1
2020-07-31,1962.800048828125,40.27000045776367,0.1
2020-08-03,1966.0,41.0099983215332,0.1
2020-08-04,2001.199951171875,41.70000076293945,0.1
2020-08-05,2031.0999755859375,42.189998626708984,0.1
2020-08-06,2051.5,41.95000076293945,0.1
2020-08-07,2010.0999755859375,41.220001220703125,0.1
2020-08-10,2024.4000244140625,41.939998626708984,0.1
2020-08-11,1932.5999755859375,41.61000061035156,0.1
2020-08-12,1934.9000244140625,42.66999816894531,0.1
2020-08-13,1956.699951171875,42.2400016784668,0.1
2020-08-14,1937.0,42.0099983215332,0.1
2020-08-17,1985.0,42.88999938964844,0.1
2020-08-18,1999.4000244140625,42.88999938964844,0.09
2020-08-19,1958.699951171875,42.93000030517578,0.09
2020-08-20,1933.800048828125,42.58000183105469,0.09
2020-08-21,1934.5999755859375,42.34000015258789,0.09
2020-08-24,1927.699951171875,42.619998931884766,0.09
2020-08-25,1911.800048828125,43.349998474121094,0.09
2020-08-26,1940.699951171875,43.38999938964844,0.09
2020-08-27,1921.5999755859375,43.040000915527344,0.08
2020-08-28,1964.5999755859375,42.970001220703125,0.09
2020-08-31,1967.5999755859375,42.61000061035156,0.09
2020-09-01,1968.199951171875,42.7599983215332,0.09
2020-09-02,1934.4000244140625,41.5099983215332,0.09
2020-09-03,1927.5999755859375,41.369998931884766,0.09
2020-09-04,1923.9000244140625,39.77000045776367,0.09
2020-09-08,1933.0,36.7599983215332,0.09
2020-09-09,1944.699951171875,38.04999923706055,0.09
2020-09-10,1954.199951171875,37.29999923706055,0.09
2020-09-11,1937.800048828125,37.33000183105469,0.09
2020-09-14,1953.0999755859375,37.2599983215332,0.09
2020-09-15,1956.300048828125,38.279998779296875,0.09
2020-09-16,1960.199951171875,40.15999984741211,0.09
2020-09-17,1940.0,40.970001220703125,0.09
2020-09-18,1952.0999755859375,41.11000061035156,0.09
2020-09-21,1901.199951171875,39.310001373291016,0.09
2020-09-22,1898.5999755859375,39.599998474121094,0.09
2020-09-23,1859.9000244140625,39.93000030517578,0.09
2020-09-24,1868.300048828125,40.310001373291016,0.09
2020-09-25,1857.699951171875,40.25,0.09
2020-09-28,1872.800048828125,40.599998474121094,0.09
2020-09-29,1894.300048828125,39.290000915527344,0.09
2020-09-30,1887.5,40.220001220703125,0.09
2020-10-01,1908.4000244140625,38.720001220703125,0.09
2020-10-02,1900.199951171875,37.04999923706055,0.09
2020-10-05,1912.5,39.220001220703125,0.09
2020-10-06,1901.0999755859375,40.66999816894531,0.09
2020-10-07,1883.5999755859375,39.95000076293945,0.09
2020-10-08,1888.5999755859375,41.189998626708984,0.09
2020-10-09,1919.5,40.599998474121094,0.09
2020-10-13,1888.5,40.20000076293945,0.09
2020-10-14,1901.300048828125,41.040000915527344,0.09
2020-10-15,1903.199951171875,40.959999084472656,0.09
2020-10-16,1900.800048828125,40.880001068115234,0.09
2020-10-19,1906.4000244140625,40.83000183105469,0.09
2020-10-20,1910.4000244140625,41.459999084472656,0.09
2020-10-21,1924.5999755859375,40.029998779296875,0.09
2020-10-22,1901.0999755859375,40.63999938964844,0.09
2020-10-23,1902.0,39.849998474121094,0.09
2020-10-26,1902.699951171875,38.560001373291016,0.09
2020-10-27,1908.800048828125,39.56999969482422,0.09
2020-10-28,1876.199951171875,37.38999938964844,0.09
2020-10-29,1865.5999755859375,36.16999816894531,0.09
2020-10-30,1877.4000244140625,35.790000915527344,0.09
2020-11-02,1890.4000244140625,36.810001373291016,0.09
2020-11-03,1908.5,37.65999984741211,0.09
2020-11-04,1894.5999755859375,39.150001525878906,0.09
2020-11-05,1945.300048828125,38.790000915527344,0.09
2020-11-06,1950.300048828125,37.13999938964844,0.09
2020-11-09,1853.199951171875,40.290000915527344,0.09
2020-11-10,1875.4000244140625,41.36000061035156,0.09
2020-11-12,1872.5999755859375,41.119998931884766,0.09
2020-11-13,1885.699951171875,40.130001068115234,0.09
2020-11-16,1887.300048828125,41.34000015258789,0.09
2020-11-17,1884.5,41.43000030517578,0.09
2020-11-18,1873.5,41.81999969482422,0.09
2020-11-19,1861.0999755859375,41.7400016784668,0.08
2020-11-20,1872.5999755859375,42.150001525878906,0.08
2020-11-23,1837.800048828125,43.060001373291016,0.08
2020-11-24,1804.800048828125,44.90999984741211,0.08
2020-11-25,1805.699951171875,45.709999084472656,0.08
2020-11-27,1781.9000244140625,45.529998779296875,0.08
2020-11-30,1775.699951171875,45.34000015258789,0.09
2020-12-01,1814.0999755859375,44.54999923706055,0.09
2020-12-02,1825.699951171875,45.279998779296875,0.09
2020-12-03,1836.800048828125,45.63999938964844,0.09
2020-12-04,1835.9000244140625,46.2599983215332,0.09
2020-12-07,1861.800048828125,45.7599983215332,0.09
2020-12-08,1870.800048828125,45.599998474121094,0.09
2020-12-09,1834.5999755859375,45.52000045776367,0.09
2020-12-10,1833.5999755859375,46.779998779296875,0.09
2020-12-11,1839.800048828125,46.56999969482422,0.09
2020-12-14,1828.699951171875,46.9900016784668,0.09
2020-12-15,1852.300048828125,47.619998931884766,0.09
2020-12-16,1856.0999755859375,47.81999969482422,0.09
2020-12-17,1887.199951171875,48.36000061035156,0.09
2020-12-18,1885.699951171875,49.099998474121094,0.09
2020-12-21,1879.199951171875,47.7400016784668,0.09
2020-12-22,1866.5999755859375,47.02000045776367,0.09
2020-12-23,1874.699951171875,48.119998931884766,0.09
2020-12-24,1879.9000244140625,48.22999954223633,0.09
2020-12-28,1877.199951171875,47.619998931884766,0.09
2020-12-29,1879.699951171875,48.0,0.09
2020-12-30,1891.0,48.400001525878906,0.09
2020-12-31,1893.0999755859375,48.52000045776367,0.09
2021-01-04,1944.699951171875,47.619998931884766,0.09
2021-01-05,1952.699951171875,49.93000030517578,0.09
2021-01-06,1906.9000244140625,50.630001068115234,0.09
2021-01-07,1912.300048828125,50.83000183105469,0.09
2021-01-08,1834.0999755859375,52.2400016784668,0.09
2021-01-11,1849.5999755859375,52.25,0.09
2021-01-12,1842.9000244140625,53.209999084472656,0.09
2021-01-13,1853.5999755859375,52.90999984741211,0.09
2021-01-14,1850.300048828125,53.56999969482422,0.09
2021-01-15,1829.300048828125,52.36000061035156,0.09
2021-01-19,1839.5,52.97999954223633,0.09
2021-01-20,1865.9000244140625,53.2400016784668,0.09
2021-01-21,1865.300048828125,53.130001068115234,0.08
2021-01-22,1855.699951171875,52.27000045776367,0.08
2021-01-25,1854.9000244140625,52.77000045776367,0.08
2021-01-26,1850.699951171875,52.61000061035156,0.08
2021-01-27,1844.9000244140625,52.849998474121094,0.08
2021-01-28,1837.9000244140625,52.34000015258789,0.07
2021-01-29,1847.300048828125,52.20000076293945,0.07
2021-02-01,1860.800048828125,53.54999923706055,0.08
2021-02-02,1830.5,54.7599983215332,0.08
2021-02-03,1832.199951171875,55.689998626708984,0.08
2021-02-04,1788.9000244140625,56.22999954223633,0.08
2021-02-05,1810.9000244140625,56.849998474121094,0.08
2021-02-08,1831.9000244140625,57.970001220703125,0.07
2021-02-09,1835.300048828125,58.36000061035156,0.08
2021-02-10,1840.5999755859375,58.68000030517578,0.08
2021-02-11,1824.9000244140625,58.2400016784668,0.08
2021-02-12,1821.5999755859375,59.470001220703125,0.08
2021-02-16,1797.199951171875,60.04999923706055,0.08
2021-02-17,1771.0999755859375,61.13999938964844,0.08
2021-02-18,1773.4000244140625,60.52000045776367,0.07
2021-02-19,1775.800048828125,59.2400016784668,0.07
2021-02-22,1806.699951171875,61.4900016784668,0.07
2021-02-23,1804.4000244140625,61.66999816894531,0.07
2021-02-24,1796.4000244140625,63.220001220703125,0.07
2021-02-25,1774.4000244140625,63.529998779296875,0.07
2021-02-26,1728.0999755859375,61.5,0.07
2021-03-01,1722.5,60.63999938964844,0.07
2021-03-02,1733.0999755859375,59.75,0.07
2021-03-03,1715.300048828125,61.279998779296875,0.07
2021-03-04,1700.199951171875,63.83000183105469,0.07
2021-03-05,1698.0,66.08999633789062,0.07
2021-03-08,1677.699951171875,65.05000305175781,0.07
2021-03-09,1716.5999755859375,64.01000213623047,0.07
2021-03-10,1721.5,64.44000244140625,0.07
2021-03-11,1722.300048828125,66.0199966430664,0.07
2021-03-12,1719.5,65.61000061035156,0.07
2021-03-15,1728.9000244140625,65.38999938964844,0.07
2021-03-16,1730.5999755859375,64.80000305175781,0.07
2021-03-17,1726.800048828125,64.5999984741211,0.07
2021-03-18,1732.199951171875,60.0,0.07
2021-03-19,1741.4000244140625,61.41999816894531,0.07
2021-03-22,1737.800048828125,61.54999923706055,0.07
2021-03-23,1724.699951171875,57.7599983215332,0.07
2021-03-24,1732.9000244140625,61.18000030517578,0.07
2021-03-25,1724.9000244140625,58.560001373291016,0.07
2021-03-26,1732.199951171875,60.970001220703125,0.07
2021-03-29,1712.0999755859375,61.560001373291016,0.07
2021-03-30,1683.9000244140625,60.54999923706055,0.07
2021-03-31,1713.800048828125,59.15999984741211,0.06
2021-04-01,1726.5,61.45000076293945,0.07
2021-04-05,1727.0,58.650001525878906,0.07
2021-04-06,1741.5,59.33000183105469,0.07
2021-04-07,1740.0999755859375,59.77000045776367,0.07
2021-04-08,1756.800048828125,59.599998474121094,0.07
2021-04-09,1743.300048828125,59.31999969482422,0.07
2021-04-12,1731.199951171875,59.70000076293945,0.07
2021-04-13,1746.199951171875,60.18000030517578,0.07
2021-04-14,1734.9000244140625,63.150001525878906,0.07
2021-04-15,1765.4000244140625,63.459999084472656,0.07
2021-04-16,1779.0,63.130001068115234,0.07
2021-04-19,1769.4000244140625,63.380001068115234,0.07
2021-04-20,1777.300048828125,62.439998626708984,0.07
2021-04-21,1792.300048828125,61.349998474121094,0.07
2021-04-22,1781.199951171875,61.43000030517578,0.07
2021-04-23,1777.0,62.13999938964844,0.07
2021-04-26,1779.199951171875,61.90999984741211,0.07
2021-04-27,1778.0,62.939998626708984,0.07
2021-04-28,1773.199951171875,63.86000061035156,0.07
2021-04-29,1768.0999755859375,65.01000213623047,0.06
2021-04-30,1767.300048828125,63.58000183105469,0.05
2021-05-03,1791.4000244140625,64.48999786376953,0.06
2021-05-04,1775.800048828125,65.69000244140625,0.06
2021-05-05,1784.0999755859375,65.62999725341797,0.06
2021-05-06,1815.5,64.70999908447266,0.06
2021-05-07,1831.0999755859375,64.9000015258789,0.06
2021-05-10,1837.5,64.91999816894531,0.06
2021-05-11,1835.9000244140625,65.27999877929688,0.06
2021-05-12,1822.5999755859375,66.08000183105469,0.06
2021-05-13,1823.800048828125,63.81999969482422,0.06
2021-05-14,1837.9000244140625,65.37000274658203,0.06
2021-05-17,1867.5,66.2699966430664,0.06
2021-05-18,1867.800048828125,65.48999786376953,0.06
2021-05-19,1881.300048828125,63.36000061035156,0.06
2021-05-20,1881.800048828125,62.04999923706055,0.06
2021-05-21,1876.699951171875,63.58000183105469,0.06
2021-05-24,1884.5999755859375,66.05000305175781,0.06
2021-05-25,1898.0999755859375,66.06999969482422,0.06
2021-05-26,1901.300048828125,66.20999908447266,0.06
2021-05-27,1895.699951171875,66.8499984741211,0.06
2021-05-28,1902.5,66.31999969482422,0.05
2021-06-01,1902.9000244140625,67.72000122070312,0.06
2021-06-02,1907.5,68.83000183105469,0.06
2021-06-03,1871.199951171875,68.80999755859375,0.06
2021-06-04,1889.800048828125,69.62000274658203,0.06
2021-06-07,1896.800048828125,69.2300033569336,0.06
2021-06-08,1892.199951171875,70.05000305175781,0.06
2021-06-09,1893.199951171875,69.95999908447266,0.06
2021-06-10,1894.199951171875,70.29000091552734,0.06
2021-06-11,1877.4000244140625,70.91000366210938,0.06
2021-06-14,1864.0,70.87999725341797,0.06
2021-06-15,1854.5,72.12000274658203,0.06
2021-06-16,1859.5,72.1500015258789,0.06
2021-06-17,1773.800048828125,71.04000091552734,0.1
2021-06-18,1767.9000244140625,71.63999938964844,0.1
2021-06-21,1781.800048828125,73.66000366210938,0.1
2021-06-22,1776.300048828125,73.05999755859375,0.1
2021-06-23,1782.300048828125,73.08000183105469,0.1
2021-06-24,1775.5999755859375,73.30000305175781,0.1
2021-06-25,1776.5999755859375,74.05000305175781,0.1
2021-06-28,1779.5999755859375,72.91000366210938,0.1
2021-06-29,1762.800048828125,72.9800033569336,0.1
2021-06-30,1770.800048828125,73.47000122070312,0.08
2021-07-01,1775.9000244140625,75.2300033569336,0.1
2021-07-02,1782.5999755859375,75.16000366210938,0.1
2021-07-06,1793.5,73.37000274658203,0.1
2021-07-07,1801.5,72.19999694824219,0.1
2021-07-08,1799.5999755859375,72.94000244140625,0.1
2021-07-09,1810.0,74.55999755859375,0.1
2021-07-12,1805.5,74.0999984741211,0.1
2021-07-13,1809.4000244140625,75.25,0.1
2021-07-14,1824.300048828125,73.12999725341797,0.1
2021-07-15,1828.4000244140625,71.6500015258789,0.1
2021-07-16,1814.5,71.80999755859375,0.1
2021-07-19,1808.699951171875,66.41999816894531,0.1
2021-07-20,1810.9000244140625,67.41999816894531,0.1
2021-07-21,1802.9000244140625,70.30000305175781,0.1
2021-07-22,1805.0,71.91000366210938,0.1
2021-07-23,1801.4000244140625,72.06999969482422,0.1
2021-07-26,1798.699951171875,71.91000366210938,0.1
2021-07-27,1799.5,71.6500015258789,0.1
2021-07-28,1799.5,72.38999938964844,0.1
2021-07-29,1831.199951171875,73.62000274658203,0.1
2021-07-30,1812.5999755859375,73.94999694824219,0.07
2021-08-02,1818.0999755859375,71.26000213623047,0.1
2021-08-03,1810.0999755859375,70.55999755859375,0.1
2021-08-04,1810.5,68.1500015258789,0.1
2021-08-05,1805.0999755859375,69.08999633789062,0.1
2021-08-06,1760.0,68.27999877929688,0.1
2021-08-09,1723.4000244140625,66.4800033569336,0.1
2021-08-10,1728.800048828125,68.29000091552734,0.1
2021-08-11,1750.4000244140625,69.25,0.1
2021-08-12,1749.0,69.08999633789062,0.1
2021-08-13,1775.199951171875,68.44000244140625,0.1
2021-08-16,1786.9000244140625,67.29000091552734,0.1
2021-08-17,1785.0,66.58999633789062,0.1
2021-08-18,1781.5999755859375,65.45999908447266,0.09
2021-08-19,1780.199951171875,63.689998626708984,0.09
2021-08-20,1781.0,62.31999969482422,0.09
2021-08-23,1803.199951171875,65.63999938964844,0.09
2021-08-24,1805.5999755859375,67.54000091552734,0.09
2021-08-25,1788.199951171875,68.36000061035156,0.09
2021-08-26,1792.199951171875,67.41999816894531,0.09
2021-08-27,1816.5999755859375,68.73999786376953,0.08
2021-08-30,1809.0,69.20999908447266,0.08
2021-08-31,1815.0,68.5,0.06
2021-09-01,1813.0999755859375,68.58999633789062,0.08
2021-09-02,1808.699951171875,69.98999786376953,0.08
2021-09-03,1830.9000244140625,69.29000091552734,0.08
2021-09-07,1795.9000244140625,68.3499984741211,0.08
2021-09-08,1790.699951171875,69.30000305175781,0.08
2021-09-09,1797.4000244140625,68.13999938964844,0.08
2021-09-10,1789.5999755859375,69.72000122070312,0.08
2021-09-13,1792.0,70.44999694824219,0.08
2021-09-14,1804.699951171875,70.45999908447266,0.08
2021-09-15,1792.4000244140625,72.61000061035156,0.08
2021-09-16,1754.5999755859375,72.61000061035156,0.08
2021-09-17,1749.4000244140625,71.97000122070312,0.08
2021-09-20,1761.800048828125,70.29000091552734,0.08
2021-09-21,1776.0,70.55999755859375,0.08
2021-09-22,1776.699951171875,72.2300033569336,0.08
2021-09-23,1747.699951171875,73.30000305175781,0.08
2021-09-24,1749.699951171875,73.9800033569336,0.08
2021-09-27,1750.0,75.44999694824219,0.08
2021-09-28,1735.800048828125,75.29000091552734,0.08
2021-09-29,1721.5,74.83000183105469,0.08
2021-09-30,1755.300048828125,75.02999877929688,0.06
2021-10-01,1757.0,75.87999725341797,0.08
2021-10-04,1766.199951171875,77.62000274658203,0.08
2021-10-05,1759.5999755859375,78.93000030517578,0.08
2021-10-06,1760.5,77.43000030517578,0.08
2021-10-07,1757.9000244140625,78.30000305175781,0.08
2021-10-08,1756.300048828125,79.3499984741211,0.08
2021-10-12,1758.300048828125,80.63999938964844,0.08
2021-10-13,1793.699951171875,80.44000244140625,0.08
2021-10-14,1796.699951171875,81.30999755859375,0.08
2021-10-15,1767.199951171875,82.27999877929688,0.08
2021-10-18,1764.800048828125,82.44000244140625,0.08
2021-10-19,1769.699951171875,82.95999908447266,0.08
2021-10-20,1784.0999755859375,83.87000274658203,0.08
2021-10-21,1781.199951171875,82.5,0.08
2021-10-22,1795.5,83.76000213623047,0.08
2021-10-25,1806.0,83.76000213623047,0.08
2021-10-26,1792.699951171875,84.6500015258789,0.08
2021-10-27,1797.9000244140625,82.66000366210938,0.08
2021-10-28,1801.5999755859375,82.80999755859375,0.08
2021-10-29,1783.0,83.56999969482422,0.07
2021-11-01,1795.0999755859375,84.05000305175781,0.08
2021-11-02,1788.699951171875,83.91000366210938,0.08
2021-11-03,1763.5999755859375,80.86000061035156,0.08
2021-11-04,1793.0,78.80999755859375,0.08
2021-11-05,1816.4000244140625,81.2699966430664,0.08
2021-11-08,1827.4000244140625,81.93000030517578,0.08
2021-11-09,1830.199951171875,84.1500015258789,0.08
2021-11-10,1847.5999755859375,81.33999633789062,0.08
2021-11-12,1867.9000244140625,80.79000091552734,0.08
2021-11-15,1866.0999755859375,80.87999725341797,0.08
2021-11-16,1853.5999755859375,80.76000213623047,0.08
2021-11-17,1869.699951171875,78.36000061035156,0.08
2021-11-18,1861.0,79.01000213623047,0.08
2021-11-19,1851.199951171875,76.0999984741211,0.08
2021-11-22,1806.0,76.75,0.08
2021-11-23,1783.5,78.5,0.08
2021-11-24,1784.0999755859375,78.38999938964844,0.08
2021-11-26,1785.300048828125,68.1500015258789,0.08
2021-11-29,1782.300048828125,69.94999694824219,0.08
2021-11-30,1773.5999755859375,66.18000030517578,0.07
2021-12-01,1781.5999755859375,65.56999969482422,0.08
2021-12-02,1760.699951171875,66.5,0.08
2021-12-03,1782.0,66.26000213623047,0.08
2021-12-06,1777.5,69.48999786376953,0.08
2021-12-07,1782.5999755859375,72.05000305175781,0.08
2021-12-08,1783.4000244140625,72.36000061035156,0.08
2021-12-09,1774.5999755859375,70.94000244140625,0.08
2021-12-10,1782.9000244140625,71.66999816894531,0.08
2021-12-13,1786.300048828125,71.29000091552734,0.08
2021-12-14,1770.4000244140625,70.7300033569336,0.08
2021-12-15,1762.5999755859375,70.87000274658203,0.08
2021-12-16,1796.5999755859375,72.37999725341797,0.08
2021-12-17,1803.800048828125,70.86000061035156,0.08
2021-12-20,1793.699951171875,68.2300033569336,0.08
2021-12-21,1787.9000244140625,71.12000274658203,0.08
2021-12-22,1801.5999755859375,72.76000213623047,0.08
2021-12-23,1811.199951171875,73.79000091552734,0.08
2021-12-27,1808.0999755859375,75.56999969482422,0.08
2021-12-28,1810.199951171875,75.9800033569336,0.08
2021-12-29,1805.0999755859375,76.55999755859375,0.08
2021-12-30,1812.699951171875,76.98999786376953,0.08
2021-12-31,1827.5,75.20999908447266,0.07
2022-01-03,1799.4000244140625,76.08000183105469,0.08
2022-01-04,1814.0,76.98999786376953,0.08
2022-01-05,1824.5999755859375,77.8499984741211,0.08
2022-01-06,1788.699951171875,79.45999908447266,0.08
2022-01-07,1797.0,78.9000015258789,0.08
2022-01-10,1798.4000244140625,78.2300033569336,0.08
2022-01-11,1818.5999755859375,81.22000122070312,0.08
2022-01-12,1827.199951171875,82.63999938964844,0.08
2022-01-13,1821.199951171875,82.12000274658203,0.08
2022-01-14,1816.5,83.81999969482422,0.08
2022-01-18,1812.300048828125,85.43000030517578,0.08
2022-01-19,1843.0999755859375,86.95999908447266,0.08
2022-01-20,1842.5,86.9000015258789,0.08
2022-01-21,1831.800048828125,85.13999938964844,0.08
2022-01-24,1841.699951171875,83.30999755859375,0.08
2022-01-25,1852.699951171875,85.5999984741211,0.08
2022-01-26,1829.9000244140625,87.3499984741211,0.08
2022-01-27,1793.300048828125,86.61000061035156,0.08
2022-01-28,1784.9000244140625,86.81999969482422,0.08
2022-01-31,1795.0,88.1500015258789,0.08
2022-02-01,1800.300048828125,88.19999694824219,0.08
2022-02-02,1809.199951171875,88.26000213623047,0.08
2022-02-03,1803.0,90.2699966430664,0.08
2022-02-04,1806.5999755859375,92.30999755859375,0.08
2022-02-07,1820.5999755859375,91.31999969482422,0.08
2022-02-08,1826.5999755859375,89.36000061035156,0.08
2022-02-09,1835.199951171875,89.66000366210938,0.08
2022-02-10,1836.199951171875,89.87999725341797,0.08
2022-02-11,1840.800048828125,93.0999984741211,0.08
2022-02-14,1868.0,95.45999908447266,0.08
2022-02-15,1854.800048828125,92.06999969482422,0.08
2022-02-16,1870.199951171875,93.66000366210938,0.08
2022-02-17,1900.699951171875,91.76000213623047,0.08
2022-02-18,1898.5999755859375,91.06999969482422,0.08
2022-02-22,1906.0999755859375,92.3499984741211,0.08
2022-02-23,1909.199951171875,92.0999984741211,0.08
2022-02-24,1925.0999755859375,92.80999755859375,0.08
2022-02-25,1886.5,91.58999633789062,0.08
2022-02-28,1899.4000244140625,95.72000122070312,0.08
2022-03-01,1942.4000244140625,103.41000366210938,0.08
2022-03-02,1920.9000244140625,110.5999984741211,0.08
2022-03-03,1934.4000244140625,107.66999816894531,0.08
2022-03-04,1965.0999755859375,115.68000030517578,0.08
2022-03-07,1993.9000244140625,119.4000015258789,0.08
2022-03-08,2040.0999755859375,123.69999694824219,0.08
2022-03-09,1985.9000244140625,108.69999694824219,0.08
2022-03-10,1998.0999755859375,106.0199966430664,0.08
2022-03-11,1982.699951171875,109.33000183105469,0.08
2022-03-14,1959.5999755859375,103.01000213623047,0.08
2022-03-15,1928.5,96.44000244140625,0.08
2022-03-16,1908.0,95.04000091552734,0.08
2022-03-17,1942.0999755859375,102.9800033569336,0.33
2022-03-18,1928.199951171875,104.69999694824219,0.33
2022-03-21,1928.5999755859375,112.12000274658203,0.33
2022-03-22,1920.699951171875,111.76000213623047,0.33
2022-03-23,1936.5999755859375,114.93000030517578,0.33
2022-03-24,1961.5999755859375,112.33999633789062,0.33
2022-03-25,1953.800048828125,113.9000015258789,0.33
2022-03-28,1939.5999755859375,105.95999908447266,0.33
2022-03-29,1912.0,104.23999786376953,0.33
2022-03-30,1933.5,107.81999969482422,0.33
2022-03-31,1949.199951171875,100.27999877929688,0.33
2022-04-01,1919.0999755859375,99.2699966430664,0.33
2022-04-04,1929.199951171875,103.27999877929688,0.33
2022-04-05,1922.9000244140625,101.95999908447266,0.33
2022-04-06,1918.4000244140625,96.2300033569336,0.33
2022-04-07,1933.800048828125,96.02999877929688,0.33
2022-04-08,1941.5999755859375,98.26000213623047,0.33
2022-04-11,1944.300048828125,94.29000091552734,0.33
2022-04-12,1972.0999755859375,100.5999984741211,0.33
2022-04-13,1981.0,104.25,0.33
2022-04-14,1970.9000244140625,106.94999694824219,0.33
2022-04-18,1982.9000244140625,108.20999908447266,0.33
2022-04-19,1955.699951171875,102.55999755859375,0.33
2022-04-20,1952.300048828125,102.75,0.33
2022-04-21,1944.9000244140625,103.79000091552734,0.33
2022-04-22,1931.0,102.06999969482422,0.33
2022-04-25,1893.199951171875,98.54000091552734,0.33
2022-04-26,1901.4000244140625,101.69999694824219,0.33
2022-04-27,1885.9000244140625,102.0199966430664,0.33
2022-04-28,1888.699951171875,105.36000061035156,0.33
2022-04-29,1909.300048828125,104.69000244140625,0.33
